_id	model.x	model.y	weighted	first-order weighting	context window size	second-order window size	second-order scheme	MDS stress	Same Class Path ratio
air.n.10-10.weightsNONE.10-10.diceM	-8.268801608	-1.867917743	no	none	L10-R10	L10-R10	diceM	22.99	0.294345811
air.n.10-10.weightsNONE.10-10.LLR	-7.923585598	-3.331910752	no	none	L10-R10	L10-R10	LLR	27.27	0.387590889
air.n.10-10.weightsNONE.10-10.pospmi	-2.325306289	-0.532665552	no	none	L10-R10	L10-R10	pospmi	21.38	0.26344839
air.n.10-10.weightsNONE.10-10.tScore	-4.48271776	-1.56657247	no	none	L10-R10	L10-R10	tScore	25.2	0.267925695
air.n.10-10.weightsNONE.2-2.diceM	-6.387335024	-6.530920728	no	none	L10-R10	L2-R2	diceM	26.17	0.418748854
air.n.10-10.weightsNONE.2-2.LLR	-12.61967457	13.21953972	no	none	L10-R10	L2-R2	LLR	41.67	0.361547874
air.n.10-10.weightsNONE.2-2.pospmi	-2.346324038	-0.040419691	no	none	L10-R10	L2-R2	pospmi	23.3	0.287974825
air.n.10-10.weightsNONE.2-2.tScore	-6.56815038	-3.559783322	no	none	L10-R10	L2-R2	tScore	31.64	0.317488524
air.n.10-10.weightsNONE.4-4.diceM	-7.796332063	-0.846830844	no	none	L10-R10	L4-R4	diceM	25.11	0.396957131
air.n.10-10.weightsNONE.4-4.LLR	4.669778387	17.13694155	no	none	L10-R10	L4-R4	LLR	41.65	0.339395778
air.n.10-10.weightsNONE.4-4.pospmi	-2.123642943	-1.002510513	no	none	L10-R10	L4-R4	pospmi	24.7	0.292489937
air.n.10-10.weightsNONE.4-4.tScore	-4.806052381	-1.735865616	no	none	L10-R10	L4-R4	tScore	26.08	0.295560517
air.n.10-10.weightsNONE.7-7.diceM	-7.698249985	-0.594959397	no	none	L10-R10	L7-R7	diceM	23.08	0.306240766
air.n.10-10.weightsNONE.7-7.LLR	-7.595856099	-5.325334853	no	none	L10-R10	L7-R7	LLR	28.68	0.354072088
air.n.10-10.weightsNONE.7-7.pospmi	-2.160652503	-0.130345502	no	none	L10-R10	L7-R7	pospmi	22.34	0.272720356
air.n.10-10.weightsNONE.7-7.tScore	-4.198628612	-1.474668246	no	none	L10-R10	L7-R7	tScore	25.94	0.27171842
air.n.20-20.weightsNONE.10-10.diceM	-5.086656347	-3.415484792	no	none	L20-R20	L10-R10	diceM	21.41	0.302701488
air.n.20-20.weightsNONE.10-10.LLR	-4.228873614	-5.966848388	no	none	L20-R20	L10-R10	LLR	28.46	0.356546302
air.n.20-20.weightsNONE.10-10.pospmi	-2.030547814	-1.671149083	no	none	L20-R20	L10-R10	pospmi	22.25	0.265305219
air.n.20-20.weightsNONE.10-10.tScore	-5.552860057	-3.859295845	no	none	L20-R20	L10-R10	tScore	23.97	0.363399726
air.n.20-20.weightsNONE.2-2.diceM	-2.829212767	-6.381782253	no	none	L20-R20	L2-R2	diceM	25.69	0.304915686
air.n.20-20.weightsNONE.2-2.LLR	-5.116729139	-6.531126502	no	none	L20-R20	L2-R2	LLR	33.61	0.403144547
air.n.20-20.weightsNONE.2-2.pospmi	-2.208437213	-0.979645121	no	none	L20-R20	L2-R2	pospmi	24.62	0.229795446
air.n.20-20.weightsNONE.2-2.tScore	-5.064845533	-4.310275798	no	none	L20-R20	L2-R2	tScore	29.28	0.35700553
air.n.20-20.weightsNONE.4-4.diceM	-2.914963668	-4.852268338	no	none	L20-R20	L4-R4	diceM	24.56	0.290499572
air.n.20-20.weightsNONE.4-4.LLR	-6.817742767	-3.828392551	no	none	L20-R20	L4-R4	LLR	31.63	0.421815334
air.n.20-20.weightsNONE.4-4.pospmi	-2.210112903	-1.664633083	no	none	L20-R20	L4-R4	pospmi	22.45	0.241044529
air.n.20-20.weightsNONE.4-4.tScore	-4.441390085	-4.427264681	no	none	L20-R20	L4-R4	tScore	26.62	0.373342122
air.n.20-20.weightsNONE.7-7.diceM	-2.392921469	-5.179146191	no	none	L20-R20	L7-R7	diceM	22.88	0.303092604
air.n.20-20.weightsNONE.7-7.LLR	-6.300731107	-5.099836905	no	none	L20-R20	L7-R7	LLR	30.4	0.381304472
air.n.20-20.weightsNONE.7-7.pospmi	-1.867509598	-1.630737431	no	none	L20-R20	L7-R7	pospmi	22.6	0.254162451
air.n.20-20.weightsNONE.7-7.tScore	-3.668876216	-2.849176683	no	none	L20-R20	L7-R7	tScore	24.15	0.367697808
air.n.40-40.weightsNONE.10-10.diceM	-2.655141266	-5.215006946	no	none	L40-R40	L10-R10	diceM	20.61	0.307880894
air.n.40-40.weightsNONE.10-10.LLR	-3.964971643	-7.069615747	no	none	L40-R40	L10-R10	LLR	28.97	0.405788381
air.n.40-40.weightsNONE.10-10.pospmi	-1.699814819	-2.972385005	no	none	L40-R40	L10-R10	pospmi	22.52	0.249817133
air.n.40-40.weightsNONE.10-10.tScore	-3.958082359	-4.476703767	no	none	L40-R40	L10-R10	tScore	20.84	0.334585512
air.n.40-40.weightsNONE.2-2.diceM	-4.261438548	-7.853230031	no	none	L40-R40	L2-R2	diceM	25.54	0.292630789
air.n.40-40.weightsNONE.2-2.LLR	-3.661596132	-9.587461092	no	none	L40-R40	L2-R2	LLR	33.3	0.353937927
air.n.40-40.weightsNONE.2-2.pospmi	-1.643541616	-2.475946286	no	none	L40-R40	L2-R2	pospmi	23.55	0.26792329
air.n.40-40.weightsNONE.2-2.tScore	-3.196952207	-4.957054367	no	none	L40-R40	L2-R2	tScore	29.5	0.334437371
air.n.40-40.weightsNONE.4-4.diceM	-2.637700361	-6.119690285	no	none	L40-R40	L4-R4	diceM	23.63	0.284727545
air.n.40-40.weightsNONE.4-4.LLR	-6.506845147	-7.745585057	no	none	L40-R40	L4-R4	LLR	32.28	0.388537626
air.n.40-40.weightsNONE.4-4.pospmi	-1.996771927	-2.755871388	no	none	L40-R40	L4-R4	pospmi	22.26	0.262892648
air.n.40-40.weightsNONE.4-4.tScore	-3.228197415	-4.701521274	no	none	L40-R40	L4-R4	tScore	24.84	0.320165855
air.n.40-40.weightsNONE.7-7.diceM	-1.698689477	-4.6923365	no	none	L40-R40	L7-R7	diceM	22.18	0.297737521
air.n.40-40.weightsNONE.7-7.LLR	-4.470341606	-7.286556689	no	none	L40-R40	L7-R7	LLR	29.84	0.402275062
air.n.40-40.weightsNONE.7-7.pospmi	-1.112041801	-2.956632338	no	none	L40-R40	L7-R7	pospmi	21.7	0.254417851
air.n.40-40.weightsNONE.7-7.tScore	-3.293164025	-3.943461809	no	none	L40-R40	L7-R7	tScore	22.22	0.320950035
air.n.10-10.weightsBNC-2-2pospmi.10-10.diceM	2.635852513	8.050442365	yes	BNC-2-2pospmi	L10-R10	L10-R10	diceM	23.17	0.306712555
air.n.10-10.weightsBNC-2-2pospmi.10-10.LLR	-0.836119985	4.227051335	yes	BNC-2-2pospmi	L10-R10	L10-R10	LLR	27.46	0.370938665
air.n.10-10.weightsBNC-2-2pospmi.10-10.pospmi	2.204249076	4.7368662	yes	BNC-2-2pospmi	L10-R10	L10-R10	pospmi	22.7	0.251978716
air.n.10-10.weightsBNC-2-2pospmi.10-10.tScore	0.243496475	4.29602383	yes	BNC-2-2pospmi	L10-R10	L10-R10	tScore	25.05	0.340232128
air.n.10-10.weightsBNC-2-2pospmi.2-2.diceM	-3.401467496	5.941232717	yes	BNC-2-2pospmi	L10-R10	L2-R2	diceM	26.85	0.315310208
air.n.10-10.weightsBNC-2-2pospmi.2-2.LLR	-2.207111101	5.650235486	yes	BNC-2-2pospmi	L10-R10	L2-R2	LLR	31.55	0.382858357
air.n.10-10.weightsBNC-2-2pospmi.2-2.pospmi	3.377111011	4.57294513	yes	BNC-2-2pospmi	L10-R10	L2-R2	pospmi	26.14	0.232464029
air.n.10-10.weightsBNC-2-2pospmi.2-2.tScore	0.356269726	5.014070547	yes	BNC-2-2pospmi	L10-R10	L2-R2	tScore	28.35	0.325643366
air.n.10-10.weightsBNC-2-2pospmi.4-4.diceM	3.091603416	6.791839659	yes	BNC-2-2pospmi	L10-R10	L4-R4	diceM	24.97	0.294405543
air.n.10-10.weightsBNC-2-2pospmi.4-4.LLR	-1.045731335	4.937637598	yes	BNC-2-2pospmi	L10-R10	L4-R4	LLR	29.76	0.403132174
air.n.10-10.weightsBNC-2-2pospmi.4-4.pospmi	1.620798248	4.783379346	yes	BNC-2-2pospmi	L10-R10	L4-R4	pospmi	23.69	0.239742205
air.n.10-10.weightsBNC-2-2pospmi.4-4.tScore	0.305760848	4.820786085	yes	BNC-2-2pospmi	L10-R10	L4-R4	tScore	27.07	0.344960461
air.n.10-10.weightsBNC-2-2pospmi.7-7.diceM	2.818789844	6.056262423	yes	BNC-2-2pospmi	L10-R10	L7-R7	diceM	22.89	0.303089564
air.n.10-10.weightsBNC-2-2pospmi.7-7.LLR	-0.912916968	3.81714711	yes	BNC-2-2pospmi	L10-R10	L7-R7	LLR	28.38	0.367123705
air.n.10-10.weightsBNC-2-2pospmi.7-7.pospmi	1.263616979	5.055837513	yes	BNC-2-2pospmi	L10-R10	L7-R7	pospmi	23.61	0.237889739
air.n.10-10.weightsBNC-2-2pospmi.7-7.tScore	0.168847931	3.062949437	yes	BNC-2-2pospmi	L10-R10	L7-R7	tScore	25.82	0.333721767
air.n.10-10.weightsBNC-4-4pospmi.10-10.diceM	5.52362328	4.734665019	yes	BNC-4-4pospmi	L10-R10	L10-R10	diceM	19.82	0.373975834
air.n.10-10.weightsBNC-4-4pospmi.10-10.LLR	-0.31476759	3.47338329	yes	BNC-4-4pospmi	L10-R10	L10-R10	LLR	26.27	0.357098396
air.n.10-10.weightsBNC-4-4pospmi.10-10.pospmi	1.97540092	3.487704219	yes	BNC-4-4pospmi	L10-R10	L10-R10	pospmi	22.09	0.313921977
air.n.10-10.weightsBNC-4-4pospmi.10-10.tScore	0.390915569	3.329934855	yes	BNC-4-4pospmi	L10-R10	L10-R10	tScore	24.12	0.274709525
air.n.10-10.weightsBNC-4-4pospmi.2-2.diceM	2.797751897	5.153745305	yes	BNC-4-4pospmi	L10-R10	L2-R2	diceM	25.61	0.382505484
air.n.10-10.weightsBNC-4-4pospmi.2-2.LLR	-0.821334306	5.307589584	yes	BNC-4-4pospmi	L10-R10	L2-R2	LLR	31.15	0.371485627
air.n.10-10.weightsBNC-4-4pospmi.2-2.pospmi	2.102942956	3.641695225	yes	BNC-4-4pospmi	L10-R10	L2-R2	pospmi	24.26	0.33396695
air.n.10-10.weightsBNC-4-4pospmi.2-2.tScore	0.078209372	3.858928852	yes	BNC-4-4pospmi	L10-R10	L2-R2	tScore	28.92	0.325268557
air.n.10-10.weightsBNC-4-4pospmi.4-4.diceM	2.839621641	4.928341193	yes	BNC-4-4pospmi	L10-R10	L4-R4	diceM	22.86	0.351144869
air.n.10-10.weightsBNC-4-4pospmi.4-4.LLR	-0.257404344	5.156711915	yes	BNC-4-4pospmi	L10-R10	L4-R4	LLR	29.44	0.341783478
air.n.10-10.weightsBNC-4-4pospmi.4-4.pospmi	1.856956181	4.245354238	yes	BNC-4-4pospmi	L10-R10	L4-R4	pospmi	22.73	0.312361994
air.n.10-10.weightsBNC-4-4pospmi.4-4.tScore	0.816341527	3.55574903	yes	BNC-4-4pospmi	L10-R10	L4-R4	tScore	25.86	0.298762309
air.n.10-10.weightsBNC-4-4pospmi.7-7.diceM	3.959171928	4.898274185	yes	BNC-4-4pospmi	L10-R10	L7-R7	diceM	20.3	0.383611973
air.n.10-10.weightsBNC-4-4pospmi.7-7.LLR	-0.252038416	4.86296419	yes	BNC-4-4pospmi	L10-R10	L7-R7	LLR	27.43	0.348350017
air.n.10-10.weightsBNC-4-4pospmi.7-7.pospmi	1.40632941	3.364265429	yes	BNC-4-4pospmi	L10-R10	L7-R7	pospmi	21.16	0.312365189
air.n.10-10.weightsBNC-4-4pospmi.7-7.tScore	0.638435475	4.334661841	yes	BNC-4-4pospmi	L10-R10	L7-R7	tScore	25.46	0.261048448
air.n.10-10.weightsBNC-7-7pospmi.10-10.diceM	3.274150264	4.840101944	yes	BNC-7-7pospmi	L10-R10	L10-R10	diceM	19.96	0.223623057
air.n.10-10.weightsBNC-7-7pospmi.10-10.LLR	-0.66388038	2.157939959	yes	BNC-7-7pospmi	L10-R10	L10-R10	LLR	25.02	0.458911859
air.n.10-10.weightsBNC-7-7pospmi.10-10.pospmi	1.430961902	3.479010576	yes	BNC-7-7pospmi	L10-R10	L10-R10	pospmi	21.87	0.214172106
air.n.10-10.weightsBNC-7-7pospmi.10-10.tScore	0.200577762	2.921780218	yes	BNC-7-7pospmi	L10-R10	L10-R10	tScore	23.63	0.437586035
air.n.10-10.weightsBNC-7-7pospmi.2-2.diceM	1.700967002	4.905480729	yes	BNC-7-7pospmi	L10-R10	L2-R2	diceM	25.67	0.26920545
air.n.10-10.weightsBNC-7-7pospmi.2-2.LLR	-2.813124894	4.195715935	yes	BNC-7-7pospmi	L10-R10	L2-R2	LLR	30.7	0.422647469
air.n.10-10.weightsBNC-7-7pospmi.2-2.pospmi	0.986771982	5.103332348	yes	BNC-7-7pospmi	L10-R10	L2-R2	pospmi	24.77	0.230323244
air.n.10-10.weightsBNC-7-7pospmi.2-2.tScore	-0.292561435	3.26182204	yes	BNC-7-7pospmi	L10-R10	L2-R2	tScore	27.92	0.378673313
air.n.10-10.weightsBNC-7-7pospmi.4-4.diceM	0.394034812	3.916028931	yes	BNC-7-7pospmi	L10-R10	L4-R4	diceM	23.14	0.226276506
air.n.10-10.weightsBNC-7-7pospmi.4-4.LLR	-2.354499808	2.32334243	yes	BNC-7-7pospmi	L10-R10	L4-R4	LLR	28.51	0.47828107
air.n.10-10.weightsBNC-7-7pospmi.4-4.pospmi	0.971899655	3.77132494	yes	BNC-7-7pospmi	L10-R10	L4-R4	pospmi	23.05	0.214957276
air.n.10-10.weightsBNC-7-7pospmi.4-4.tScore	0.366661751	3.417923396	yes	BNC-7-7pospmi	L10-R10	L4-R4	tScore	25.05	0.441025695
air.n.10-10.weightsBNC-7-7pospmi.7-7.diceM	2.681759364	4.369871986	yes	BNC-7-7pospmi	L10-R10	L7-R7	diceM	20.6	0.2158855
air.n.10-10.weightsBNC-7-7pospmi.7-7.LLR	-0.921381984	2.46689211	yes	BNC-7-7pospmi	L10-R10	L7-R7	LLR	25.71	0.45802335
air.n.10-10.weightsBNC-7-7pospmi.7-7.pospmi	2.091339546	4.228009389	yes	BNC-7-7pospmi	L10-R10	L7-R7	pospmi	23.22	0.219947146
air.n.10-10.weightsBNC-7-7pospmi.7-7.tScore	0.595063623	3.095801931	yes	BNC-7-7pospmi	L10-R10	L7-R7	tScore	24.14	0.425251885
air.n.20-20.weightsBNC-2-2pospmi.10-10.diceM	6.021891669	1.916504274	yes	BNC-2-2pospmi	L20-R20	L10-R10	diceM	22.2	0.211012991
air.n.20-20.weightsBNC-2-2pospmi.10-10.LLR	1.684378616	-1.082790528	yes	BNC-2-2pospmi	L20-R20	L10-R10	LLR	25.85	0.482945109
air.n.20-20.weightsBNC-2-2pospmi.10-10.pospmi	1.587749121	1.571799968	yes	BNC-2-2pospmi	L20-R20	L10-R10	pospmi	23.65	0.253601655
air.n.20-20.weightsBNC-2-2pospmi.10-10.tScore	1.004094837	1.110851082	yes	BNC-2-2pospmi	L20-R20	L10-R10	tScore	24.11	0.460557678
air.n.20-20.weightsBNC-2-2pospmi.2-2.diceM	3.411419993	2.65292436	yes	BNC-2-2pospmi	L20-R20	L2-R2	diceM	26.54	0.249961102
air.n.20-20.weightsBNC-2-2pospmi.2-2.LLR	-2.532955899	3.261794837	yes	BNC-2-2pospmi	L20-R20	L2-R2	LLR	29.43	0.4196677
air.n.20-20.weightsBNC-2-2pospmi.2-2.pospmi	3.316455214	1.212355783	yes	BNC-2-2pospmi	L20-R20	L2-R2	pospmi	26.36	0.241188298
air.n.20-20.weightsBNC-2-2pospmi.2-2.tScore	0.387216047	1.918829515	yes	BNC-2-2pospmi	L20-R20	L2-R2	tScore	28.21	0.342539883
air.n.20-20.weightsBNC-2-2pospmi.4-4.diceM	3.129321097	-0.868854322	yes	BNC-2-2pospmi	L20-R20	L4-R4	diceM	24.87	0.214983839
air.n.20-20.weightsBNC-2-2pospmi.4-4.LLR	1.14909494	-1.338109353	yes	BNC-2-2pospmi	L20-R20	L4-R4	LLR	27.61	0.478540459
air.n.20-20.weightsBNC-2-2pospmi.4-4.pospmi	2.178173951	1.190259887	yes	BNC-2-2pospmi	L20-R20	L4-R4	pospmi	25	0.229349237
air.n.20-20.weightsBNC-2-2pospmi.4-4.tScore	0.882772177	0.874028988	yes	BNC-2-2pospmi	L20-R20	L4-R4	tScore	26.11	0.439948956
air.n.20-20.weightsBNC-2-2pospmi.7-7.diceM	3.873479449	-4.580217787	yes	BNC-2-2pospmi	L20-R20	L7-R7	diceM	23.49	0.207960636
air.n.20-20.weightsBNC-2-2pospmi.7-7.LLR	0.037213759	1.053578614	yes	BNC-2-2pospmi	L20-R20	L7-R7	LLR	26.3	0.475169638
air.n.20-20.weightsBNC-2-2pospmi.7-7.pospmi	2.618163335	1.6346645	yes	BNC-2-2pospmi	L20-R20	L7-R7	pospmi	23.78	0.245927349
air.n.20-20.weightsBNC-2-2pospmi.7-7.tScore	1.242453975	0.89743474	yes	BNC-2-2pospmi	L20-R20	L7-R7	tScore	24.66	0.451598963
air.n.20-20.weightsBNC-4-4pospmi.10-10.diceM	3.968402757	2.468454276	yes	BNC-4-4pospmi	L20-R20	L10-R10	diceM	17.67	0.215958084
air.n.20-20.weightsBNC-4-4pospmi.10-10.LLR	-0.070578006	0.445609697	yes	BNC-4-4pospmi	L20-R20	L10-R10	LLR	25.26	0.458503192
air.n.20-20.weightsBNC-4-4pospmi.10-10.pospmi	1.799812602	2.326248003	yes	BNC-4-4pospmi	L20-R20	L10-R10	pospmi	22.6	0.21318021
air.n.20-20.weightsBNC-4-4pospmi.10-10.tScore	0.323631076	0.477281243	yes	BNC-4-4pospmi	L20-R20	L10-R10	tScore	23.95	0.457326112
air.n.20-20.weightsBNC-4-4pospmi.2-2.diceM	4.140510967	1.564481023	yes	BNC-4-4pospmi	L20-R20	L2-R2	diceM	25.34	0.258717183
air.n.20-20.weightsBNC-4-4pospmi.2-2.LLR	-4.155086326	2.876634886	yes	BNC-4-4pospmi	L20-R20	L2-R2	LLR	30.21	0.413276725
air.n.20-20.weightsBNC-4-4pospmi.2-2.pospmi	3.674513304	2.239804762	yes	BNC-4-4pospmi	L20-R20	L2-R2	pospmi	25.07	0.223943929
air.n.20-20.weightsBNC-4-4pospmi.2-2.tScore	0.689122431	0.870445009	yes	BNC-4-4pospmi	L20-R20	L2-R2	tScore	27.08	0.372348077
air.n.20-20.weightsBNC-4-4pospmi.4-4.diceM	3.629076684	1.308220102	yes	BNC-4-4pospmi	L20-R20	L4-R4	diceM	22.12	0.208119834
air.n.20-20.weightsBNC-4-4pospmi.4-4.LLR	-0.971296841	0.824224768	yes	BNC-4-4pospmi	L20-R20	L4-R4	LLR	27.45	0.490660737
air.n.20-20.weightsBNC-4-4pospmi.4-4.pospmi	1.72701534	1.144072393	yes	BNC-4-4pospmi	L20-R20	L4-R4	pospmi	24.09	0.214018549
air.n.20-20.weightsBNC-4-4pospmi.4-4.tScore	0.722462445	0.896048948	yes	BNC-4-4pospmi	L20-R20	L4-R4	tScore	25.12	0.449702427
air.n.20-20.weightsBNC-4-4pospmi.7-7.diceM	4.712990707	2.415561197	yes	BNC-4-4pospmi	L20-R20	L7-R7	diceM	20.4	0.20349577
air.n.20-20.weightsBNC-4-4pospmi.7-7.LLR	-0.854886629	0.664452015	yes	BNC-4-4pospmi	L20-R20	L7-R7	LLR	25.52	0.458745407
air.n.20-20.weightsBNC-4-4pospmi.7-7.pospmi	2.080750609	1.613776297	yes	BNC-4-4pospmi	L20-R20	L7-R7	pospmi	23	0.212497803
air.n.20-20.weightsBNC-4-4pospmi.7-7.tScore	0.510027759	1.047345305	yes	BNC-4-4pospmi	L20-R20	L7-R7	tScore	23.21	0.454539743
air.n.20-20.weightsBNC-7-7pospmi.10-10.diceM	5.063822576	3.383099463	yes	BNC-7-7pospmi	L20-R20	L10-R10	diceM	15.74	0.302547434
air.n.20-20.weightsBNC-7-7pospmi.10-10.LLR	-1.062082302	0.714915923	yes	BNC-7-7pospmi	L20-R20	L10-R10	LLR	24.52	0.345971815
air.n.20-20.weightsBNC-7-7pospmi.10-10.pospmi	1.904894719	2.268416841	yes	BNC-7-7pospmi	L20-R20	L10-R10	pospmi	22.26	0.296780522
air.n.20-20.weightsBNC-7-7pospmi.10-10.tScore	0.6912532	0.618329313	yes	BNC-7-7pospmi	L20-R20	L10-R10	tScore	22.53	0.259943821
air.n.20-20.weightsBNC-7-7pospmi.2-2.diceM	4.516629097	2.213451472	yes	BNC-7-7pospmi	L20-R20	L2-R2	diceM	25.74	0.37922743
air.n.20-20.weightsBNC-7-7pospmi.2-2.LLR	-3.502524594	2.203251902	yes	BNC-7-7pospmi	L20-R20	L2-R2	LLR	30.46	0.345748609
air.n.20-20.weightsBNC-7-7pospmi.2-2.pospmi	2.343690537	2.39828812	yes	BNC-7-7pospmi	L20-R20	L2-R2	pospmi	24.7	0.293625544
air.n.20-20.weightsBNC-7-7pospmi.2-2.tScore	0.969793939	1.826784835	yes	BNC-7-7pospmi	L20-R20	L2-R2	tScore	27.4	0.329136471
air.n.20-20.weightsBNC-7-7pospmi.4-4.diceM	2.895562882	1.656428974	yes	BNC-7-7pospmi	L20-R20	L4-R4	diceM	21.16	0.354659931
air.n.20-20.weightsBNC-7-7pospmi.4-4.LLR	-1.552147246	0.997790689	yes	BNC-7-7pospmi	L20-R20	L4-R4	LLR	27.3	0.32252729
air.n.20-20.weightsBNC-7-7pospmi.4-4.pospmi	3.295498667	1.891337918	yes	BNC-7-7pospmi	L20-R20	L4-R4	pospmi	23.32	0.296019869
air.n.20-20.weightsBNC-7-7pospmi.4-4.tScore	0.736051564	1.598802886	yes	BNC-7-7pospmi	L20-R20	L4-R4	tScore	24.81	0.285851954
air.n.20-20.weightsBNC-7-7pospmi.7-7.diceM	4.209814396	2.443406553	yes	BNC-7-7pospmi	L20-R20	L7-R7	diceM	19.32	0.345016927
air.n.20-20.weightsBNC-7-7pospmi.7-7.LLR	-1.587060874	2.15964353	yes	BNC-7-7pospmi	L20-R20	L7-R7	LLR	25.49	0.335990123
air.n.20-20.weightsBNC-7-7pospmi.7-7.pospmi	2.630002778	1.97383849	yes	BNC-7-7pospmi	L20-R20	L7-R7	pospmi	22.42	0.294748859
air.n.20-20.weightsBNC-7-7pospmi.7-7.tScore	1.478614656	0.633358083	yes	BNC-7-7pospmi	L20-R20	L7-R7	tScore	23.27	0.258574113
air.n.40-40.weightsBNC-2-2pospmi.10-10.diceM	6.795828119	-2.048352521	yes	BNC-2-2pospmi	L40-R40	L10-R10	diceM	21.17	0.261797758
air.n.40-40.weightsBNC-2-2pospmi.10-10.LLR	3.588654557	-2.332267475	yes	BNC-2-2pospmi	L40-R40	L10-R10	LLR	25.4	0.343534636
air.n.40-40.weightsBNC-2-2pospmi.10-10.pospmi	4.033764043	0.162432619	yes	BNC-2-2pospmi	L40-R40	L10-R10	pospmi	21.69	0.217064322
air.n.40-40.weightsBNC-2-2pospmi.10-10.tScore	2.945422075	-1.725003232	yes	BNC-2-2pospmi	L40-R40	L10-R10	tScore	23.79	0.41257228
air.n.40-40.weightsBNC-2-2pospmi.2-2.diceM	6.034679575	0.455782236	yes	BNC-2-2pospmi	L40-R40	L2-R2	diceM	25.16	0.299734666
air.n.40-40.weightsBNC-2-2pospmi.2-2.LLR	5.783592962	-2.8832255	yes	BNC-2-2pospmi	L40-R40	L2-R2	LLR	29.29	0.399329698
air.n.40-40.weightsBNC-2-2pospmi.2-2.pospmi	4.504732085	-0.353114263	yes	BNC-2-2pospmi	L40-R40	L2-R2	pospmi	24.14	0.203055544
air.n.40-40.weightsBNC-2-2pospmi.2-2.tScore	3.924429193	-0.933582716	yes	BNC-2-2pospmi	L40-R40	L2-R2	tScore	26.73	0.467031767
air.n.40-40.weightsBNC-2-2pospmi.4-4.diceM	4.919236588	-0.659371908	yes	BNC-2-2pospmi	L40-R40	L4-R4	diceM	23.91	0.242529008
air.n.40-40.weightsBNC-2-2pospmi.4-4.LLR	6.727028856	-5.735801623	yes	BNC-2-2pospmi	L40-R40	L4-R4	LLR	28.57	0.391422379
air.n.40-40.weightsBNC-2-2pospmi.4-4.pospmi	4.453337329	-0.122117528	yes	BNC-2-2pospmi	L40-R40	L4-R4	pospmi	23.59	0.222559403
air.n.40-40.weightsBNC-2-2pospmi.4-4.tScore	3.255519992	-0.795250576	yes	BNC-2-2pospmi	L40-R40	L4-R4	tScore	25.46	0.437255452
air.n.40-40.weightsBNC-2-2pospmi.7-7.diceM	3.682044677	-1.687092486	yes	BNC-2-2pospmi	L40-R40	L7-R7	diceM	21.65	0.255485245
air.n.40-40.weightsBNC-2-2pospmi.7-7.LLR	-1.737329342	2.874022487	yes	BNC-2-2pospmi	L40-R40	L7-R7	LLR	27.05	0.363349368
air.n.40-40.weightsBNC-2-2pospmi.7-7.pospmi	4.55031139	0.234280919	yes	BNC-2-2pospmi	L40-R40	L7-R7	pospmi	22.34	0.22443824
air.n.40-40.weightsBNC-2-2pospmi.7-7.tScore	3.160192464	-1.625934879	yes	BNC-2-2pospmi	L40-R40	L7-R7	tScore	24.7	0.422292052
air.n.40-40.weightsBNC-4-4pospmi.10-10.diceM	5.588773259	1.737232283	yes	BNC-4-4pospmi	L40-R40	L10-R10	diceM	18.32	0.252936951
air.n.40-40.weightsBNC-4-4pospmi.10-10.LLR	2.234195693	-1.753782666	yes	BNC-4-4pospmi	L40-R40	L10-R10	LLR	25.05	0.440120749
air.n.40-40.weightsBNC-4-4pospmi.10-10.pospmi	2.814977518	0.659737315	yes	BNC-4-4pospmi	L40-R40	L10-R10	pospmi	21.45	0.254780658
air.n.40-40.weightsBNC-4-4pospmi.10-10.tScore	1.964084474	-0.2726895	yes	BNC-4-4pospmi	L40-R40	L10-R10	tScore	22.3	0.510298923
air.n.40-40.weightsBNC-4-4pospmi.2-2.diceM	4.791428274	0.529078634	yes	BNC-4-4pospmi	L40-R40	L2-R2	diceM	24.78	0.2887264
air.n.40-40.weightsBNC-4-4pospmi.2-2.LLR	4.719049144	-3.878604253	yes	BNC-4-4pospmi	L40-R40	L2-R2	LLR	29.62	0.409658418
air.n.40-40.weightsBNC-4-4pospmi.2-2.pospmi	3.748486344	0.573801854	yes	BNC-4-4pospmi	L40-R40	L2-R2	pospmi	24	0.220150007
air.n.40-40.weightsBNC-4-4pospmi.2-2.tScore	4.913656293	0.441301196	yes	BNC-4-4pospmi	L40-R40	L2-R2	tScore	27.18	0.410153211
air.n.40-40.weightsBNC-4-4pospmi.4-4.diceM	3.574194678	-0.376699678	yes	BNC-4-4pospmi	L40-R40	L4-R4	diceM	21.71	0.243736814
air.n.40-40.weightsBNC-4-4pospmi.4-4.LLR	2.7025691	-2.325290855	yes	BNC-4-4pospmi	L40-R40	L4-R4	LLR	27.22	0.463893659
air.n.40-40.weightsBNC-4-4pospmi.4-4.pospmi	3.24082041	0.552857608	yes	BNC-4-4pospmi	L40-R40	L4-R4	pospmi	21.81	0.256371917
air.n.40-40.weightsBNC-4-4pospmi.4-4.tScore	1.752736524	-0.513367562	yes	BNC-4-4pospmi	L40-R40	L4-R4	tScore	23.72	0.499017617
air.n.40-40.weightsBNC-4-4pospmi.7-7.diceM	4.909051357	1.106878125	yes	BNC-4-4pospmi	L40-R40	L7-R7	diceM	20.13	0.248376086
air.n.40-40.weightsBNC-4-4pospmi.7-7.LLR	2.648088333	-1.233741887	yes	BNC-4-4pospmi	L40-R40	L7-R7	LLR	25.83	0.45020449
air.n.40-40.weightsBNC-4-4pospmi.7-7.pospmi	2.866589003	0.52359874	yes	BNC-4-4pospmi	L40-R40	L7-R7	pospmi	21.75	0.243813883
air.n.40-40.weightsBNC-4-4pospmi.7-7.tScore	1.867671906	-0.513155013	yes	BNC-4-4pospmi	L40-R40	L7-R7	tScore	23.33	0.510615062
air.n.40-40.weightsBNC-7-7pospmi.10-10.diceM	5.337553743	1.666357701	yes	BNC-7-7pospmi	L40-R40	L10-R10	diceM	20.55	0.255431807
air.n.40-40.weightsBNC-7-7pospmi.10-10.LLR	2.290820716	-1.991731297	yes	BNC-7-7pospmi	L40-R40	L10-R10	LLR	25.57	0.357748088
air.n.40-40.weightsBNC-7-7pospmi.10-10.pospmi	2.950166973	0.834549204	yes	BNC-7-7pospmi	L40-R40	L10-R10	pospmi	22.3	0.21645749
air.n.40-40.weightsBNC-7-7pospmi.10-10.tScore	1.263246055	-0.093943391	yes	BNC-7-7pospmi	L40-R40	L10-R10	tScore	22.26	0.412614037
air.n.40-40.weightsBNC-7-7pospmi.2-2.diceM	5.998666198	-0.299952272	yes	BNC-7-7pospmi	L40-R40	L2-R2	diceM	24.27	0.300181208
air.n.40-40.weightsBNC-7-7pospmi.2-2.LLR	5.047071596	-1.639258565	yes	BNC-7-7pospmi	L40-R40	L2-R2	LLR	29.39	0.382057255
air.n.40-40.weightsBNC-7-7pospmi.2-2.pospmi	3.946214233	1.430961272	yes	BNC-7-7pospmi	L40-R40	L2-R2	pospmi	23.53	0.19668916
air.n.40-40.weightsBNC-7-7pospmi.2-2.tScore	3.438128418	-0.568659515	yes	BNC-7-7pospmi	L40-R40	L2-R2	tScore	26.02	0.423551986
air.n.40-40.weightsBNC-7-7pospmi.4-4.diceM	4.428779215	1.222172126	yes	BNC-7-7pospmi	L40-R40	L4-R4	diceM	21.85	0.243889175
air.n.40-40.weightsBNC-7-7pospmi.4-4.LLR	3.570728419	-1.983628023	yes	BNC-7-7pospmi	L40-R40	L4-R4	LLR	27.82	0.390896327
air.n.40-40.weightsBNC-7-7pospmi.4-4.pospmi	3.10678902	0.370444081	yes	BNC-7-7pospmi	L40-R40	L4-R4	pospmi	22.61	0.225459227
air.n.40-40.weightsBNC-7-7pospmi.4-4.tScore	1.87874234	-0.237413689	yes	BNC-7-7pospmi	L40-R40	L4-R4	tScore	23.86	0.439608093
air.n.40-40.weightsBNC-7-7pospmi.7-7.diceM	5.400413098	1.465040349	yes	BNC-7-7pospmi	L40-R40	L7-R7	diceM	20.94	0.249146446
air.n.40-40.weightsBNC-7-7pospmi.7-7.LLR	2.207981887	-2.146885532	yes	BNC-7-7pospmi	L40-R40	L7-R7	LLR	25.31	0.381676163
air.n.40-40.weightsBNC-7-7pospmi.7-7.pospmi	3.150129808	0.300482616	yes	BNC-7-7pospmi	L40-R40	L7-R7	pospmi	22.29	0.223358415
air.n.40-40.weightsBNC-7-7pospmi.7-7.tScore	1.182062689	-0.370374734	yes	BNC-7-7pospmi	L40-R40	L7-R7	tScore	22.66	0.421197531
