_id	model.x	model.y	contextWindow	FirstOrderWeighting	BNCweighting	SecondOrderWindow	SecondOrderScore	stress
flight.n.10-10.weightsNONE.10-10.diceM	2.30959984833	6.16745171108	L10-R10	weightsNONE	none	L10-R10	diceM	19.26
flight.n.10-10.weightsNONE.10-10.LLR	4.8400203765	0.820177155481	L10-R10	weightsNONE	none	L10-R10	dir_lik_stat	27.63
flight.n.10-10.weightsNONE.10-10.pospmi	2.44988325611	4.31514116107	L10-R10	weightsNONE	none	L10-R10	pospmi	25.13
flight.n.10-10.weightsNONE.10-10.tScore	3.810188711	0.951653985256	L10-R10	weightsNONE	none	L10-R10	tScore	24.93
flight.n.10-10.weightsNONE.2-2.diceM	5.94063684265	-1.70061818488	L10-R10	weightsNONE	none	L2-R2	diceM	21.77
flight.n.10-10.weightsNONE.2-2.LLR	4.28977579829	-3.47015626355	L10-R10	weightsNONE	none	L2-R2	dir_lik_stat	30.72
flight.n.10-10.weightsNONE.2-2.pospmi	2.07102731431	4.66010659577	L10-R10	weightsNONE	none	L2-R2	pospmi	27.32
flight.n.10-10.weightsNONE.2-2.tScore	4.65228600469	-0.52753911505	L10-R10	weightsNONE	none	L2-R2	tScore	28.22
flight.n.10-10.weightsNONE.4-4.diceM	4.73697796489	-1.71913793201	L10-R10	weightsNONE	none	L4-R4	diceM	18.95
flight.n.10-10.weightsNONE.4-4.LLR	4.80058824621	-1.14468961071	L10-R10	weightsNONE	none	L4-R4	dir_lik_stat	29.39
flight.n.10-10.weightsNONE.4-4.pospmi	2.91071913731	2.95194782901	L10-R10	weightsNONE	none	L4-R4	pospmi	26.54
flight.n.10-10.weightsNONE.4-4.tScore	4.22013465872	0.365374793478	L10-R10	weightsNONE	none	L4-R4	tScore	25.81
flight.n.10-10.weightsNONE.7-7.diceM	5.93710813372	0.285694772514	L10-R10	weightsNONE	none	L7-R7	diceM	19.53
flight.n.10-10.weightsNONE.7-7.LLR	5.27356991189	0.0056752991392	L10-R10	weightsNONE	none	L7-R7	dir_lik_stat	27.63
flight.n.10-10.weightsNONE.7-7.pospmi	1.25207962009	3.6083805976	L10-R10	weightsNONE	none	L7-R7	pospmi	25.54
flight.n.10-10.weightsNONE.7-7.tScore	3.98770973296	0.506763547319	L10-R10	weightsNONE	none	L7-R7	tScore	24.48
flight.n.20-20.weightsNONE.10-10.diceM	5.19998029327	1.37425967487	L20-R20	weightsNONE	none	L10-R10	diceM	20.96
flight.n.20-20.weightsNONE.10-10.LLR	3.98225642514	0.654598763777	L20-R20	weightsNONE	none	L10-R10	dir_lik_stat	26.16
flight.n.20-20.weightsNONE.10-10.pospmi	2.14486146248	4.44380844432	L20-R20	weightsNONE	none	L10-R10	pospmi	23.56
flight.n.20-20.weightsNONE.10-10.tScore	3.5438091495	2.47495383838	L20-R20	weightsNONE	none	L10-R10	tScore	23.01
flight.n.20-20.weightsNONE.2-2.diceM	4.93495113714	-2.34882050641	L20-R20	weightsNONE	none	L2-R2	diceM	21.63
flight.n.20-20.weightsNONE.2-2.LLR	3.07489775209	-3.69169470122	L20-R20	weightsNONE	none	L2-R2	dir_lik_stat	29.42
flight.n.20-20.weightsNONE.2-2.pospmi	2.89435301361	4.4813165205	L20-R20	weightsNONE	none	L2-R2	pospmi	25.61
flight.n.20-20.weightsNONE.2-2.tScore	3.49583003447	-0.419628946478	L20-R20	weightsNONE	none	L2-R2	tScore	26.94
flight.n.20-20.weightsNONE.4-4.diceM	5.99697968726	0.021546473454	L20-R20	weightsNONE	none	L4-R4	diceM	20.37
flight.n.20-20.weightsNONE.4-4.LLR	3.38753165397	-0.815109267803	L20-R20	weightsNONE	none	L4-R4	dir_lik_stat	28.36
flight.n.20-20.weightsNONE.4-4.pospmi	3.02911694489	1.99921280749	L20-R20	weightsNONE	none	L4-R4	pospmi	24.73
flight.n.20-20.weightsNONE.4-4.tScore	2.77389228487	0.692165577417	L20-R20	weightsNONE	none	L4-R4	tScore	26.10
flight.n.20-20.weightsNONE.7-7.diceM	5.99461919729	1.36747592311	L20-R20	weightsNONE	none	L7-R7	diceM	20.39
flight.n.20-20.weightsNONE.7-7.LLR	3.08775103775	-0.401702409103	L20-R20	weightsNONE	none	L7-R7	dir_lik_stat	27.13
flight.n.20-20.weightsNONE.7-7.pospmi	1.73070955182	4.01013013887	L20-R20	weightsNONE	none	L7-R7	pospmi	22.78
flight.n.20-20.weightsNONE.7-7.tScore	3.3199094394	1.83816164733	L20-R20	weightsNONE	none	L7-R7	tScore	25.29
flight.n.40-40.weightsNONE.10-10.diceM	5.12492202269	3.23537040197	L40-R40	weightsNONE	none	L10-R10	diceM	20.07
flight.n.40-40.weightsNONE.10-10.LLR	4.17548646345	0.830661778563	L40-R40	weightsNONE	none	L10-R10	dir_lik_stat	26.18
flight.n.40-40.weightsNONE.10-10.pospmi	4.22283327333	4.9979389767	L40-R40	weightsNONE	none	L10-R10	pospmi	20.59
flight.n.40-40.weightsNONE.10-10.tScore	4.18320760745	4.11872290709	L40-R40	weightsNONE	none	L10-R10	tScore	22.00
flight.n.40-40.weightsNONE.2-2.diceM	5.37204110538	-1.93798077726	L40-R40	weightsNONE	none	L2-R2	diceM	20.12
flight.n.40-40.weightsNONE.2-2.LLR	4.90267517616	-1.90607286286	L40-R40	weightsNONE	none	L2-R2	dir_lik_stat	27.68
flight.n.40-40.weightsNONE.2-2.pospmi	5.13560533081	3.01086865869	L40-R40	weightsNONE	none	L2-R2	pospmi	22.33
flight.n.40-40.weightsNONE.2-2.tScore	4.0675209306	0.0395122377602	L40-R40	weightsNONE	none	L2-R2	tScore	25.98
flight.n.40-40.weightsNONE.4-4.diceM	6.82974490821	0.989836957816	L40-R40	weightsNONE	none	L4-R4	diceM	18.60
flight.n.40-40.weightsNONE.4-4.LLR	3.80507472966	-2.18669181175	L40-R40	weightsNONE	none	L4-R4	dir_lik_stat	27.77
flight.n.40-40.weightsNONE.4-4.pospmi	3.86047504309	5.35552387093	L40-R40	weightsNONE	none	L4-R4	pospmi	21.50
flight.n.40-40.weightsNONE.4-4.tScore	3.98602698671	1.3880088956	L40-R40	weightsNONE	none	L4-R4	tScore	25.21
flight.n.40-40.weightsNONE.7-7.diceM	5.89013190546	2.54399169907	L40-R40	weightsNONE	none	L7-R7	diceM	18.31
flight.n.40-40.weightsNONE.7-7.LLR	4.24940222269	2.67459891883	L40-R40	weightsNONE	none	L7-R7	dir_lik_stat	27.70
flight.n.40-40.weightsNONE.7-7.pospmi	3.49970788257	4.32070903907	L40-R40	weightsNONE	none	L7-R7	pospmi	21.41
flight.n.40-40.weightsNONE.7-7.tScore	4.3515196482	3.82532510977	L40-R40	weightsNONE	none	L7-R7	tScore	23.39
flight.n.10-10.weightsBNC-2-2pospmi.10-10.diceM	-0.913134828452	4.12799354919	L10-R10	weightsBNC-2-2pospmi	BNC	L10-R10	diceM	19.95
flight.n.10-10.weightsBNC-2-2pospmi.10-10.LLR	1.94488092086	0.910333306899	L10-R10	weightsBNC-2-2pospmi	BNC	L10-R10	dir_lik_stat	25.42
flight.n.10-10.weightsBNC-2-2pospmi.10-10.pospmi	-0.458671805598	3.43605353181	L10-R10	weightsBNC-2-2pospmi	BNC	L10-R10	pospmi	21.76
flight.n.10-10.weightsBNC-2-2pospmi.10-10.tScore	0.881964929521	2.03622501137	L10-R10	weightsBNC-2-2pospmi	BNC	L10-R10	tScore	24.14
flight.n.10-10.weightsBNC-2-2pospmi.2-2.diceM	0.222707117596	1.61854856022	L10-R10	weightsBNC-2-2pospmi	BNC	L2-R2	diceM	23.73
flight.n.10-10.weightsBNC-2-2pospmi.2-2.LLR	-0.142234896926	-5.01559008244	L10-R10	weightsBNC-2-2pospmi	BNC	L2-R2	dir_lik_stat	28.34
flight.n.10-10.weightsBNC-2-2pospmi.2-2.pospmi	0.752176024564	3.73078286134	L10-R10	weightsBNC-2-2pospmi	BNC	L2-R2	pospmi	24.63
flight.n.10-10.weightsBNC-2-2pospmi.2-2.tScore	2.02313050899	1.50442677843	L10-R10	weightsBNC-2-2pospmi	BNC	L2-R2	tScore	26.46
flight.n.10-10.weightsBNC-2-2pospmi.4-4.diceM	-0.346849531314	1.63077762412	L10-R10	weightsBNC-2-2pospmi	BNC	L4-R4	diceM	21.28
flight.n.10-10.weightsBNC-2-2pospmi.4-4.LLR	4.57039048721	-0.810385076918	L10-R10	weightsBNC-2-2pospmi	BNC	L4-R4	dir_lik_stat	26.65
flight.n.10-10.weightsBNC-2-2pospmi.4-4.pospmi	-0.385819305841	2.70954589423	L10-R10	weightsBNC-2-2pospmi	BNC	L4-R4	pospmi	23.07
flight.n.10-10.weightsBNC-2-2pospmi.4-4.tScore	0.51232828814	1.12289358492	L10-R10	weightsBNC-2-2pospmi	BNC	L4-R4	tScore	25.38
flight.n.10-10.weightsBNC-2-2pospmi.7-7.diceM	0.0762387223052	4.50243072305	L10-R10	weightsBNC-2-2pospmi	BNC	L7-R7	diceM	22.82
flight.n.10-10.weightsBNC-2-2pospmi.7-7.LLR	-2.36838213	-3.60227743828	L10-R10	weightsBNC-2-2pospmi	BNC	L7-R7	dir_lik_stat	28.63
flight.n.10-10.weightsBNC-2-2pospmi.7-7.pospmi	-0.0595904669068	3.84630768653	L10-R10	weightsBNC-2-2pospmi	BNC	L7-R7	pospmi	22.71
flight.n.10-10.weightsBNC-2-2pospmi.7-7.tScore	1.72017561534	1.59745068243	L10-R10	weightsBNC-2-2pospmi	BNC	L7-R7	tScore	26.40
flight.n.10-10.weightsBNC-4-4pospmi.10-10.diceM	-0.755329862727	1.72274562555	L10-R10	weightsBNC-4-4pospmi	BNC	L10-R10	diceM	20.89
flight.n.10-10.weightsBNC-4-4pospmi.10-10.LLR	2.51266647869	-0.716655462682	L10-R10	weightsBNC-4-4pospmi	BNC	L10-R10	dir_lik_stat	26.78
flight.n.10-10.weightsBNC-4-4pospmi.10-10.pospmi	-0.389732202001	3.5957800944	L10-R10	weightsBNC-4-4pospmi	BNC	L10-R10	pospmi	22.86
flight.n.10-10.weightsBNC-4-4pospmi.10-10.tScore	-0.101250706815	1.24392925941	L10-R10	weightsBNC-4-4pospmi	BNC	L10-R10	tScore	23.87
flight.n.10-10.weightsBNC-4-4pospmi.2-2.diceM	-1.60311629511	-0.738822357834	L10-R10	weightsBNC-4-4pospmi	BNC	L2-R2	diceM	25.77
flight.n.10-10.weightsBNC-4-4pospmi.2-2.LLR	1.77018270688	-2.56907901735	L10-R10	weightsBNC-4-4pospmi	BNC	L2-R2	dir_lik_stat	28.54
flight.n.10-10.weightsBNC-4-4pospmi.2-2.pospmi	-0.344293691158	3.67750812169	L10-R10	weightsBNC-4-4pospmi	BNC	L2-R2	pospmi	24.87
flight.n.10-10.weightsBNC-4-4pospmi.2-2.tScore	0.346089019482	-1.51921831551	L10-R10	weightsBNC-4-4pospmi	BNC	L2-R2	tScore	28.53
flight.n.10-10.weightsBNC-4-4pospmi.4-4.diceM	-3.38169212389	2.70798533719	L10-R10	weightsBNC-4-4pospmi	BNC	L4-R4	diceM	24.74
flight.n.10-10.weightsBNC-4-4pospmi.4-4.LLR	2.51053972489	-1.42656101312	L10-R10	weightsBNC-4-4pospmi	BNC	L4-R4	dir_lik_stat	26.25
flight.n.10-10.weightsBNC-4-4pospmi.4-4.pospmi	0.243085844113	2.53007200613	L10-R10	weightsBNC-4-4pospmi	BNC	L4-R4	pospmi	23.99
flight.n.10-10.weightsBNC-4-4pospmi.4-4.tScore	0.303155666056	-0.150650951016	L10-R10	weightsBNC-4-4pospmi	BNC	L4-R4	tScore	25.64
flight.n.10-10.weightsBNC-4-4pospmi.7-7.diceM	-0.532603035121	1.48512954412	L10-R10	weightsBNC-4-4pospmi	BNC	L7-R7	diceM	23.62
flight.n.10-10.weightsBNC-4-4pospmi.7-7.LLR	1.16336330519	-2.2426466513	L10-R10	weightsBNC-4-4pospmi	BNC	L7-R7	dir_lik_stat	26.38
flight.n.10-10.weightsBNC-4-4pospmi.7-7.pospmi	-0.625511826961	2.55837971815	L10-R10	weightsBNC-4-4pospmi	BNC	L7-R7	pospmi	22.00
flight.n.10-10.weightsBNC-4-4pospmi.7-7.tScore	0.698893745729	0.273678943226	L10-R10	weightsBNC-4-4pospmi	BNC	L7-R7	tScore	26.53
flight.n.10-10.weightsBNC-7-7pospmi.10-10.diceM	-0.205910159224	2.72812116838	L10-R10	weightsBNC-7-7pospmi	BNC	L10-R10	diceM	20.65
flight.n.10-10.weightsBNC-7-7pospmi.10-10.LLR	2.74832972425	-0.821340648964	L10-R10	weightsBNC-7-7pospmi	BNC	L10-R10	dir_lik_stat	25.90
flight.n.10-10.weightsBNC-7-7pospmi.10-10.pospmi	0.0477638960702	3.61419084173	L10-R10	weightsBNC-7-7pospmi	BNC	L10-R10	pospmi	22.01
flight.n.10-10.weightsBNC-7-7pospmi.10-10.tScore	0.600736804756	0.538359188714	L10-R10	weightsBNC-7-7pospmi	BNC	L10-R10	tScore	26.12
flight.n.10-10.weightsBNC-7-7pospmi.2-2.diceM	-3.0204738887	-0.900414341611	L10-R10	weightsBNC-7-7pospmi	BNC	L2-R2	diceM	26.62
flight.n.10-10.weightsBNC-7-7pospmi.2-2.LLR	2.59927007906	-3.28900094838	L10-R10	weightsBNC-7-7pospmi	BNC	L2-R2	dir_lik_stat	27.21
flight.n.10-10.weightsBNC-7-7pospmi.2-2.pospmi	1.89495847784	2.22424404727	L10-R10	weightsBNC-7-7pospmi	BNC	L2-R2	pospmi	25.14
flight.n.10-10.weightsBNC-7-7pospmi.2-2.tScore	0.204846871646	-2.13339618243	L10-R10	weightsBNC-7-7pospmi	BNC	L2-R2	tScore	28.00
flight.n.10-10.weightsBNC-7-7pospmi.4-4.diceM	-0.814181316945	0.98640512239	L10-R10	weightsBNC-7-7pospmi	BNC	L4-R4	diceM	24.46
flight.n.10-10.weightsBNC-7-7pospmi.4-4.LLR	3.29382360799	-1.29406822064	L10-R10	weightsBNC-7-7pospmi	BNC	L4-R4	dir_lik_stat	25.88
flight.n.10-10.weightsBNC-7-7pospmi.4-4.pospmi	0.0154803048821	1.65139185043	L10-R10	weightsBNC-7-7pospmi	BNC	L4-R4	pospmi	22.14
flight.n.10-10.weightsBNC-7-7pospmi.4-4.tScore	0.257417111727	-0.645673025551	L10-R10	weightsBNC-7-7pospmi	BNC	L4-R4	tScore	25.96
flight.n.10-10.weightsBNC-7-7pospmi.7-7.diceM	-0.330245758292	1.82263708841	L10-R10	weightsBNC-7-7pospmi	BNC	L7-R7	diceM	21.69
flight.n.10-10.weightsBNC-7-7pospmi.7-7.LLR	0.722367917736	-3.77358128322	L10-R10	weightsBNC-7-7pospmi	BNC	L7-R7	dir_lik_stat	26.70
flight.n.10-10.weightsBNC-7-7pospmi.7-7.pospmi	-0.519613861139	2.66423132399	L10-R10	weightsBNC-7-7pospmi	BNC	L7-R7	pospmi	21.41
flight.n.10-10.weightsBNC-7-7pospmi.7-7.tScore	-0.0252749303796	0.53137306716	L10-R10	weightsBNC-7-7pospmi	BNC	L7-R7	tScore	25.14
flight.n.20-20.weightsBNC-2-2pospmi.10-10.diceM	-2.63736039706	2.68569591475	L20-R20	weightsBNC-2-2pospmi	BNC	L10-R10	diceM	18.50
flight.n.20-20.weightsBNC-2-2pospmi.10-10.LLR	0.240600030888	-4.07678777499	L20-R20	weightsBNC-2-2pospmi	BNC	L10-R10	dir_lik_stat	25.09
flight.n.20-20.weightsBNC-2-2pospmi.10-10.pospmi	0.114275194205	3.0651450738	L20-R20	weightsBNC-2-2pospmi	BNC	L10-R10	pospmi	22.42
flight.n.20-20.weightsBNC-2-2pospmi.10-10.tScore	0.130497990674	2.19051228855	L20-R20	weightsBNC-2-2pospmi	BNC	L10-R10	tScore	23.20
flight.n.20-20.weightsBNC-2-2pospmi.2-2.diceM	-4.54897683039	-1.50285530014	L20-R20	weightsBNC-2-2pospmi	BNC	L2-R2	diceM	24.18
flight.n.20-20.weightsBNC-2-2pospmi.2-2.LLR	0.7421022607	-3.49935065649	L20-R20	weightsBNC-2-2pospmi	BNC	L2-R2	dir_lik_stat	26.69
flight.n.20-20.weightsBNC-2-2pospmi.2-2.pospmi	0.350547916089	4.08936242267	L20-R20	weightsBNC-2-2pospmi	BNC	L2-R2	pospmi	25.33
flight.n.20-20.weightsBNC-2-2pospmi.2-2.tScore	-0.736757694837	-2.76935353386	L20-R20	weightsBNC-2-2pospmi	BNC	L2-R2	tScore	27.18
flight.n.20-20.weightsBNC-2-2pospmi.4-4.diceM	1.03008126565	-0.189356698357	L20-R20	weightsBNC-2-2pospmi	BNC	L4-R4	diceM	21.98
flight.n.20-20.weightsBNC-2-2pospmi.4-4.LLR	1.73984034544	-2.9565149885	L20-R20	weightsBNC-2-2pospmi	BNC	L4-R4	dir_lik_stat	25.56
flight.n.20-20.weightsBNC-2-2pospmi.4-4.pospmi	0.649285909908	4.15767952661	L20-R20	weightsBNC-2-2pospmi	BNC	L4-R4	pospmi	23.75
flight.n.20-20.weightsBNC-2-2pospmi.4-4.tScore	0.543087601687	-0.373893863994	L20-R20	weightsBNC-2-2pospmi	BNC	L4-R4	tScore	24.40
flight.n.20-20.weightsBNC-2-2pospmi.7-7.diceM	-1.75938813992	2.07685566885	L20-R20	weightsBNC-2-2pospmi	BNC	L7-R7	diceM	19.63
flight.n.20-20.weightsBNC-2-2pospmi.7-7.LLR	0.999866578315	-1.90490803673	L20-R20	weightsBNC-2-2pospmi	BNC	L7-R7	dir_lik_stat	25.05
flight.n.20-20.weightsBNC-2-2pospmi.7-7.pospmi	-0.995846340055	2.92686146164	L20-R20	weightsBNC-2-2pospmi	BNC	L7-R7	pospmi	22.44
flight.n.20-20.weightsBNC-2-2pospmi.7-7.tScore	0.9131165758	-0.0837246603448	L20-R20	weightsBNC-2-2pospmi	BNC	L7-R7	tScore	23.46
flight.n.20-20.weightsBNC-4-4pospmi.10-10.diceM	-2.43908344704	1.18603922286	L20-R20	weightsBNC-4-4pospmi	BNC	L10-R10	diceM	19.78
flight.n.20-20.weightsBNC-4-4pospmi.10-10.LLR	0.296821170459	-2.66054978034	L20-R20	weightsBNC-4-4pospmi	BNC	L10-R10	dir_lik_stat	25.43
flight.n.20-20.weightsBNC-4-4pospmi.10-10.pospmi	-1.09280936489	2.00979495902	L20-R20	weightsBNC-4-4pospmi	BNC	L10-R10	pospmi	23.06
flight.n.20-20.weightsBNC-4-4pospmi.10-10.tScore	-1.08394792063	0.330372634086	L20-R20	weightsBNC-4-4pospmi	BNC	L10-R10	tScore	22.73
flight.n.20-20.weightsBNC-4-4pospmi.2-2.diceM	-2.4877261801	-1.15239568807	L20-R20	weightsBNC-4-4pospmi	BNC	L2-R2	diceM	24.53
flight.n.20-20.weightsBNC-4-4pospmi.2-2.LLR	0.448268049503	-3.15649678378	L20-R20	weightsBNC-4-4pospmi	BNC	L2-R2	dir_lik_stat	27.17
flight.n.20-20.weightsBNC-4-4pospmi.2-2.pospmi	-0.917010610657	2.08784357463	L20-R20	weightsBNC-4-4pospmi	BNC	L2-R2	pospmi	25.68
flight.n.20-20.weightsBNC-4-4pospmi.2-2.tScore	-1.97700560991	-1.22670228884	L20-R20	weightsBNC-4-4pospmi	BNC	L2-R2	tScore	27.55
flight.n.20-20.weightsBNC-4-4pospmi.4-4.diceM	-2.26732374279	0.597208967612	L20-R20	weightsBNC-4-4pospmi	BNC	L4-R4	diceM	21.60
flight.n.20-20.weightsBNC-4-4pospmi.4-4.LLR	0.216995593661	-2.26975033993	L20-R20	weightsBNC-4-4pospmi	BNC	L4-R4	dir_lik_stat	24.69
flight.n.20-20.weightsBNC-4-4pospmi.4-4.pospmi	-1.83669284353	2.63612246922	L20-R20	weightsBNC-4-4pospmi	BNC	L4-R4	pospmi	24.63
flight.n.20-20.weightsBNC-4-4pospmi.4-4.tScore	-0.694282995029	-1.11012700591	L20-R20	weightsBNC-4-4pospmi	BNC	L4-R4	tScore	25.01
flight.n.20-20.weightsBNC-4-4pospmi.7-7.diceM	-2.90846306991	0.766082957406	L20-R20	weightsBNC-4-4pospmi	BNC	L7-R7	diceM	22.20
flight.n.20-20.weightsBNC-4-4pospmi.7-7.LLR	0.408882314763	-2.89049406518	L20-R20	weightsBNC-4-4pospmi	BNC	L7-R7	dir_lik_stat	25.46
flight.n.20-20.weightsBNC-4-4pospmi.7-7.pospmi	-1.33604128746	2.43243957209	L20-R20	weightsBNC-4-4pospmi	BNC	L7-R7	pospmi	22.76
flight.n.20-20.weightsBNC-4-4pospmi.7-7.tScore	-0.522251009688	-0.838032892574	L20-R20	weightsBNC-4-4pospmi	BNC	L7-R7	tScore	23.68
flight.n.20-20.weightsBNC-7-7pospmi.10-10.diceM	-5.7591771083	-3.69091758626	L20-R20	weightsBNC-7-7pospmi	BNC	L10-R10	diceM	0.01
flight.n.20-20.weightsBNC-7-7pospmi.10-10.LLR	-0.100372056707	-4.17419636465	L20-R20	weightsBNC-7-7pospmi	BNC	L10-R10	dir_lik_stat	25.76
flight.n.20-20.weightsBNC-7-7pospmi.10-10.pospmi	-1.50633439328	2.66728783574	L20-R20	weightsBNC-7-7pospmi	BNC	L10-R10	pospmi	22.33
flight.n.20-20.weightsBNC-7-7pospmi.10-10.tScore	-1.2092044026	1.01222612633	L20-R20	weightsBNC-7-7pospmi	BNC	L10-R10	tScore	22.83
flight.n.20-20.weightsBNC-7-7pospmi.2-2.diceM	-2.28172271359	-1.27984176287	L20-R20	weightsBNC-7-7pospmi	BNC	L2-R2	diceM	23.35
flight.n.20-20.weightsBNC-7-7pospmi.2-2.LLR	1.80327522536	-5.00488226935	L20-R20	weightsBNC-7-7pospmi	BNC	L2-R2	dir_lik_stat	27.47
flight.n.20-20.weightsBNC-7-7pospmi.2-2.pospmi	-1.57497347652	2.77206112551	L20-R20	weightsBNC-7-7pospmi	BNC	L2-R2	pospmi	24.46
flight.n.20-20.weightsBNC-7-7pospmi.2-2.tScore	-1.03732021877	-1.52907338054	L20-R20	weightsBNC-7-7pospmi	BNC	L2-R2	tScore	27.05
flight.n.20-20.weightsBNC-7-7pospmi.4-4.diceM	-3.82282357604	-0.233204924721	L20-R20	weightsBNC-7-7pospmi	BNC	L4-R4	diceM	21.63
flight.n.20-20.weightsBNC-7-7pospmi.4-4.LLR	-0.0499024643306	-2.9799091315	L20-R20	weightsBNC-7-7pospmi	BNC	L4-R4	dir_lik_stat	25.89
flight.n.20-20.weightsBNC-7-7pospmi.4-4.pospmi	-1.14208453138	2.36070959536	L20-R20	weightsBNC-7-7pospmi	BNC	L4-R4	pospmi	23.21
flight.n.20-20.weightsBNC-7-7pospmi.4-4.tScore	-1.60894027309	-0.351392815111	L20-R20	weightsBNC-7-7pospmi	BNC	L4-R4	tScore	25.00
flight.n.20-20.weightsBNC-7-7pospmi.7-7.diceM	2.57563072462	-6.35056768834	L20-R20	weightsBNC-7-7pospmi	BNC	L7-R7	diceM	0.01
flight.n.20-20.weightsBNC-7-7pospmi.7-7.LLR	0.132048589194	-3.18441957638	L20-R20	weightsBNC-7-7pospmi	BNC	L7-R7	dir_lik_stat	24.89
flight.n.20-20.weightsBNC-7-7pospmi.7-7.pospmi	-1.34906899435	2.55684176815	L20-R20	weightsBNC-7-7pospmi	BNC	L7-R7	pospmi	22.54
flight.n.20-20.weightsBNC-7-7pospmi.7-7.tScore	-0.724121370945	-0.416842505712	L20-R20	weightsBNC-7-7pospmi	BNC	L7-R7	tScore	22.67
flight.n.40-40.weightsBNC-2-2pospmi.10-10.diceM	-2.09763949135	2.42029998888	L40-R40	weightsBNC-2-2pospmi	BNC	L10-R10	diceM	17.43
flight.n.40-40.weightsBNC-2-2pospmi.10-10.LLR	0.620999040945	-4.86185174902	L40-R40	weightsBNC-2-2pospmi	BNC	L10-R10	dir_lik_stat	25.90
flight.n.40-40.weightsBNC-2-2pospmi.10-10.pospmi	-1.56208999409	3.09755192599	L40-R40	weightsBNC-2-2pospmi	BNC	L10-R10	pospmi	20.35
flight.n.40-40.weightsBNC-2-2pospmi.10-10.tScore	-1.83143620531	2.84145619313	L40-R40	weightsBNC-2-2pospmi	BNC	L10-R10	tScore	21.62
flight.n.40-40.weightsBNC-2-2pospmi.2-2.diceM	-2.84269360789	-3.525563935	L40-R40	weightsBNC-2-2pospmi	BNC	L2-R2	diceM	23.27
flight.n.40-40.weightsBNC-2-2pospmi.2-2.LLR	1.78643356377	-1.54720092682	L40-R40	weightsBNC-2-2pospmi	BNC	L2-R2	dir_lik_stat	25.03
flight.n.40-40.weightsBNC-2-2pospmi.2-2.pospmi	-0.749976029865	4.35827445672	L40-R40	weightsBNC-2-2pospmi	BNC	L2-R2	pospmi	24.26
flight.n.40-40.weightsBNC-2-2pospmi.2-2.tScore	-1.18509446086	-2.95537990596	L40-R40	weightsBNC-2-2pospmi	BNC	L2-R2	tScore	26.02
flight.n.40-40.weightsBNC-2-2pospmi.4-4.diceM	-3.72527960809	1.27405894894	L40-R40	weightsBNC-2-2pospmi	BNC	L4-R4	diceM	21.33
flight.n.40-40.weightsBNC-2-2pospmi.4-4.LLR	1.23035165069	-1.63034319458	L40-R40	weightsBNC-2-2pospmi	BNC	L4-R4	dir_lik_stat	24.93
flight.n.40-40.weightsBNC-2-2pospmi.4-4.pospmi	-1.54268422301	3.22892431073	L40-R40	weightsBNC-2-2pospmi	BNC	L4-R4	pospmi	21.90
flight.n.40-40.weightsBNC-2-2pospmi.4-4.tScore	1.31046591407	0.382590507507	L40-R40	weightsBNC-2-2pospmi	BNC	L4-R4	tScore	24.89
flight.n.40-40.weightsBNC-2-2pospmi.7-7.diceM	-4.47895970374	1.38540423207	L40-R40	weightsBNC-2-2pospmi	BNC	L7-R7	diceM	20.17
flight.n.40-40.weightsBNC-2-2pospmi.7-7.LLR	2.17740259187	-2.51642132879	L40-R40	weightsBNC-2-2pospmi	BNC	L7-R7	dir_lik_stat	26.74
flight.n.40-40.weightsBNC-2-2pospmi.7-7.pospmi	-1.72628319241	3.61902881539	L40-R40	weightsBNC-2-2pospmi	BNC	L7-R7	pospmi	21.68
flight.n.40-40.weightsBNC-2-2pospmi.7-7.tScore	-1.19587838773	3.06099854253	L40-R40	weightsBNC-2-2pospmi	BNC	L7-R7	tScore	23.28
flight.n.40-40.weightsBNC-4-4pospmi.10-10.diceM	-2.35264508448	1.98448145895	L40-R40	weightsBNC-4-4pospmi	BNC	L10-R10	diceM	18.15
flight.n.40-40.weightsBNC-4-4pospmi.10-10.LLR	-2.91062196356	-1.61423910575	L40-R40	weightsBNC-4-4pospmi	BNC	L10-R10	dir_lik_stat	25.18
flight.n.40-40.weightsBNC-4-4pospmi.10-10.pospmi	-2.05464763205	2.81983357382	L40-R40	weightsBNC-4-4pospmi	BNC	L10-R10	pospmi	22.51
flight.n.40-40.weightsBNC-4-4pospmi.10-10.tScore	-2.26644436401	2.63190750306	L40-R40	weightsBNC-4-4pospmi	BNC	L10-R10	tScore	21.64
flight.n.40-40.weightsBNC-4-4pospmi.2-2.diceM	-3.99046083314	-1.40747452252	L40-R40	weightsBNC-4-4pospmi	BNC	L2-R2	diceM	21.69
flight.n.40-40.weightsBNC-4-4pospmi.2-2.LLR	0.20458444594	-5.05363062542	L40-R40	weightsBNC-4-4pospmi	BNC	L2-R2	dir_lik_stat	26.01
flight.n.40-40.weightsBNC-4-4pospmi.2-2.pospmi	-2.72890816391	3.01318739042	L40-R40	weightsBNC-4-4pospmi	BNC	L2-R2	pospmi	24.46
flight.n.40-40.weightsBNC-4-4pospmi.2-2.tScore	-1.76991340062	-3.1459300862	L40-R40	weightsBNC-4-4pospmi	BNC	L2-R2	tScore	26.10
flight.n.40-40.weightsBNC-4-4pospmi.4-4.diceM	-3.61543669977	0.721406171242	L40-R40	weightsBNC-4-4pospmi	BNC	L4-R4	diceM	20.67
flight.n.40-40.weightsBNC-4-4pospmi.4-4.LLR	1.63731578535	-1.99680035312	L40-R40	weightsBNC-4-4pospmi	BNC	L4-R4	dir_lik_stat	24.94
flight.n.40-40.weightsBNC-4-4pospmi.4-4.pospmi	-2.20325293977	2.66695384538	L40-R40	weightsBNC-4-4pospmi	BNC	L4-R4	pospmi	23.50
flight.n.40-40.weightsBNC-4-4pospmi.4-4.tScore	-2.33569351468	-2.55032416914	L40-R40	weightsBNC-4-4pospmi	BNC	L4-R4	tScore	24.10
flight.n.40-40.weightsBNC-4-4pospmi.7-7.diceM	-3.03687072191	0.033663828003	L40-R40	weightsBNC-4-4pospmi	BNC	L7-R7	diceM	18.65
flight.n.40-40.weightsBNC-4-4pospmi.7-7.LLR	2.07333642209	-3.84468201448	L40-R40	weightsBNC-4-4pospmi	BNC	L7-R7	dir_lik_stat	25.93
flight.n.40-40.weightsBNC-4-4pospmi.7-7.pospmi	-2.07111596845	2.57238212019	L40-R40	weightsBNC-4-4pospmi	BNC	L7-R7	pospmi	22.48
flight.n.40-40.weightsBNC-4-4pospmi.7-7.tScore	-2.81004612807	0.512420143918	L40-R40	weightsBNC-4-4pospmi	BNC	L7-R7	tScore	22.56
flight.n.40-40.weightsBNC-7-7pospmi.10-10.diceM	-4.58553398416	2.71012100037	L40-R40	weightsBNC-7-7pospmi	BNC	L10-R10	diceM	10.72
flight.n.40-40.weightsBNC-7-7pospmi.10-10.LLR	-1.85820593532	-3.90576736263	L40-R40	weightsBNC-7-7pospmi	BNC	L10-R10	dir_lik_stat	24.92
flight.n.40-40.weightsBNC-7-7pospmi.10-10.pospmi	-2.12595373035	2.52664876833	L40-R40	weightsBNC-7-7pospmi	BNC	L10-R10	pospmi	20.60
flight.n.40-40.weightsBNC-7-7pospmi.10-10.tScore	-3.15074906393	2.12538382254	L40-R40	weightsBNC-7-7pospmi	BNC	L10-R10	tScore	20.70
flight.n.40-40.weightsBNC-7-7pospmi.2-2.diceM	-3.73770738651	-2.2768158802	L40-R40	weightsBNC-7-7pospmi	BNC	L2-R2	diceM	21.35
flight.n.40-40.weightsBNC-7-7pospmi.2-2.LLR	1.51016392206	-3.71492787349	L40-R40	weightsBNC-7-7pospmi	BNC	L2-R2	dir_lik_stat	25.72
flight.n.40-40.weightsBNC-7-7pospmi.2-2.pospmi	-2.63499476433	1.89817336565	L40-R40	weightsBNC-7-7pospmi	BNC	L2-R2	pospmi	23.95
flight.n.40-40.weightsBNC-7-7pospmi.2-2.tScore	-2.61744343137	-2.61483719928	L40-R40	weightsBNC-7-7pospmi	BNC	L2-R2	tScore	25.11
flight.n.40-40.weightsBNC-7-7pospmi.4-4.diceM	-4.33724758926	0.574614538124	L40-R40	weightsBNC-7-7pospmi	BNC	L4-R4	diceM	20.39
flight.n.40-40.weightsBNC-7-7pospmi.4-4.LLR	0.873304407621	-3.11772711027	L40-R40	weightsBNC-7-7pospmi	BNC	L4-R4	dir_lik_stat	25.32
flight.n.40-40.weightsBNC-7-7pospmi.4-4.pospmi	-2.42177695367	2.67704679966	L40-R40	weightsBNC-7-7pospmi	BNC	L4-R4	pospmi	22.33
flight.n.40-40.weightsBNC-7-7pospmi.4-4.tScore	-2.80906724487	0.560625233128	L40-R40	weightsBNC-7-7pospmi	BNC	L4-R4	tScore	23.60
flight.n.40-40.weightsBNC-7-7pospmi.7-7.diceM	-4.64655411164	2.23097835652	L40-R40	weightsBNC-7-7pospmi	BNC	L7-R7	diceM	7.95
flight.n.40-40.weightsBNC-7-7pospmi.7-7.LLR	0.471887840001	-3.95442411766	L40-R40	weightsBNC-7-7pospmi	BNC	L7-R7	dir_lik_stat	24.98
flight.n.40-40.weightsBNC-7-7pospmi.7-7.pospmi	-2.31014392773	2.64679536309	L40-R40	weightsBNC-7-7pospmi	BNC	L7-R7	pospmi	21.21
flight.n.40-40.weightsBNC-7-7pospmi.7-7.tScore	-1.0480137197	5.30278263699	L40-R40	weightsBNC-7-7pospmi	BNC	L7-R7	tScore	22.25
