_id	model.x	model.y	BNCweighting	FirstOrderWeighting	ContextWindow	SecondOrderWindow	SecondOrderScore	stress
air.n.10-10.weightsNONE.10-10.diceM	-8.26880160793806	-1.8679177432629	none	none	L10-R10	L10-R10	diceM	22.99
air.n.10-10.weightsNONE.10-10.LLR	-7.92358559843325	-3.33191075204045	none	none	L10-R10	L10-R10	LLR	27.27
air.n.10-10.weightsNONE.10-10.pospmi	-2.32530628948808	-0.532665552415096	none	none	L10-R10	L10-R10	pospmi	21.38
air.n.10-10.weightsNONE.10-10.tScore	-4.48271776023642	-1.5665724700304	none	none	L10-R10	L10-R10	tScore	25.2
air.n.10-10.weightsNONE.2-2.diceM	-6.38733502427112	-6.530920727653	none	none	L10-R10	L2-R2	diceM	26.17
air.n.10-10.weightsNONE.2-2.LLR	-12.6196745738665	13.2195397228616	none	none	L10-R10	L2-R2	LLR	41.67
air.n.10-10.weightsNONE.2-2.pospmi	-2.34632403766047	-0.0404196906602549	none	none	L10-R10	L2-R2	pospmi	23.3
air.n.10-10.weightsNONE.2-2.tScore	-6.56815037990429	-3.5597833216983	none	none	L10-R10	L2-R2	tScore	31.64
air.n.10-10.weightsNONE.4-4.diceM	-7.79633206302137	-0.846830843966342	none	none	L10-R10	L4-R4	diceM	25.11
air.n.10-10.weightsNONE.4-4.LLR	4.66977838733275	17.1369415484752	none	none	L10-R10	L4-R4	LLR	41.65
air.n.10-10.weightsNONE.4-4.pospmi	-2.1236429433991	-1.00251051326023	none	none	L10-R10	L4-R4	pospmi	24.7
air.n.10-10.weightsNONE.4-4.tScore	-4.80605238124841	-1.73586561591945	none	none	L10-R10	L4-R4	tScore	26.08
air.n.10-10.weightsNONE.7-7.diceM	-7.6982499854367	-0.594959396745805	none	none	L10-R10	L7-R7	diceM	23.08
air.n.10-10.weightsNONE.7-7.LLR	-7.59585609869775	-5.3253348529364	none	none	L10-R10	L7-R7	LLR	28.68
air.n.10-10.weightsNONE.7-7.pospmi	-2.16065250324962	-0.130345502425953	none	none	L10-R10	L7-R7	pospmi	22.34
air.n.10-10.weightsNONE.7-7.tScore	-4.19862861206443	-1.47466824553886	none	none	L10-R10	L7-R7	tScore	25.94
air.n.20-20.weightsNONE.10-10.diceM	-5.08665634651235	-3.4154847918208	none	none	L20-R20	L10-R10	diceM	21.41
air.n.20-20.weightsNONE.10-10.LLR	-4.22887361437547	-5.96684838790576	none	none	L20-R20	L10-R10	LLR	28.46
air.n.20-20.weightsNONE.10-10.pospmi	-2.03054781366546	-1.67114908265057	none	none	L20-R20	L10-R10	pospmi	22.25
air.n.20-20.weightsNONE.10-10.tScore	-5.55286005704621	-3.85929584545027	none	none	L20-R20	L10-R10	tScore	23.97
air.n.20-20.weightsNONE.2-2.diceM	-2.82921276711632	-6.38178225272125	none	none	L20-R20	L2-R2	diceM	25.69
air.n.20-20.weightsNONE.2-2.LLR	-5.11672913933146	-6.5311265021783	none	none	L20-R20	L2-R2	LLR	33.61
air.n.20-20.weightsNONE.2-2.pospmi	-2.20843721319575	-0.979645120616798	none	none	L20-R20	L2-R2	pospmi	24.62
air.n.20-20.weightsNONE.2-2.tScore	-5.06484553328226	-4.31027579796037	none	none	L20-R20	L2-R2	tScore	29.28
air.n.20-20.weightsNONE.4-4.diceM	-2.9149636682394	-4.85226833847606	none	none	L20-R20	L4-R4	diceM	24.56
air.n.20-20.weightsNONE.4-4.LLR	-6.81774276740907	-3.82839255136747	none	none	L20-R20	L4-R4	LLR	31.63
air.n.20-20.weightsNONE.4-4.pospmi	-2.21011290271035	-1.66463308283705	none	none	L20-R20	L4-R4	pospmi	22.45
air.n.20-20.weightsNONE.4-4.tScore	-4.44139008450839	-4.42726468108415	none	none	L20-R20	L4-R4	tScore	26.62
air.n.20-20.weightsNONE.7-7.diceM	-2.39292146859158	-5.17914619067363	none	none	L20-R20	L7-R7	diceM	22.88
air.n.20-20.weightsNONE.7-7.LLR	-6.30073110651284	-5.09983690546113	none	none	L20-R20	L7-R7	LLR	30.4
air.n.20-20.weightsNONE.7-7.pospmi	-1.86750959805718	-1.63073743112453	none	none	L20-R20	L7-R7	pospmi	22.6
air.n.20-20.weightsNONE.7-7.tScore	-3.66887621626846	-2.84917668292097	none	none	L20-R20	L7-R7	tScore	24.15
air.n.40-40.weightsNONE.10-10.diceM	-2.65514126582	-5.21500694605814	none	none	L40-R40	L10-R10	diceM	20.61
air.n.40-40.weightsNONE.10-10.LLR	-3.96497164316636	-7.06961574734234	none	none	L40-R40	L10-R10	LLR	28.97
air.n.40-40.weightsNONE.10-10.pospmi	-1.69981481868427	-2.97238500520112	none	none	L40-R40	L10-R10	pospmi	22.52
air.n.40-40.weightsNONE.10-10.tScore	-3.95808235868531	-4.47670376651558	none	none	L40-R40	L10-R10	tScore	20.84
air.n.40-40.weightsNONE.2-2.diceM	-4.26143854843549	-7.8532300306876	none	none	L40-R40	L2-R2	diceM	25.54
air.n.40-40.weightsNONE.2-2.LLR	-3.6615961324904	-9.58746109223283	none	none	L40-R40	L2-R2	LLR	33.3
air.n.40-40.weightsNONE.2-2.pospmi	-1.64354161559064	-2.47594628625001	none	none	L40-R40	L2-R2	pospmi	23.55
air.n.40-40.weightsNONE.2-2.tScore	-3.1969522068673	-4.95705436730874	none	none	L40-R40	L2-R2	tScore	29.5
air.n.40-40.weightsNONE.4-4.diceM	-2.63770036118848	-6.11969028513761	none	none	L40-R40	L4-R4	diceM	23.63
air.n.40-40.weightsNONE.4-4.LLR	-6.50684514692646	-7.74558505684723	none	none	L40-R40	L4-R4	LLR	32.28
air.n.40-40.weightsNONE.4-4.pospmi	-1.99677192706141	-2.75587138821706	none	none	L40-R40	L4-R4	pospmi	22.26
air.n.40-40.weightsNONE.4-4.tScore	-3.22819741530198	-4.70152127397181	none	none	L40-R40	L4-R4	tScore	24.84
air.n.40-40.weightsNONE.7-7.diceM	-1.69868947711688	-4.69233649987319	none	none	L40-R40	L7-R7	diceM	22.18
air.n.40-40.weightsNONE.7-7.LLR	-4.47034160623884	-7.28655668904641	none	none	L40-R40	L7-R7	LLR	29.84
air.n.40-40.weightsNONE.7-7.pospmi	-1.1120418010435	-2.95663233776316	none	none	L40-R40	L7-R7	pospmi	21.7
air.n.40-40.weightsNONE.7-7.tScore	-3.29316402530938	-3.94346180947917	none	none	L40-R40	L7-R7	tScore	22.22
air.n.10-10.weightsBNC-2-2pospmi.10-10.diceM	2.6358525126199	8.05044236456627	BNC-2-2pospmi	BNC	L10-R10	L10-R10	diceM	23.17
air.n.10-10.weightsBNC-2-2pospmi.10-10.LLR	-0.836119984552038	4.22705133481603	BNC-2-2pospmi	BNC	L10-R10	L10-R10	LLR	27.46
air.n.10-10.weightsBNC-2-2pospmi.10-10.pospmi	2.20424907589016	4.73686619957082	BNC-2-2pospmi	BNC	L10-R10	L10-R10	pospmi	22.7
air.n.10-10.weightsBNC-2-2pospmi.10-10.tScore	0.24349647516838	4.29602382959636	BNC-2-2pospmi	BNC	L10-R10	L10-R10	tScore	25.05
air.n.10-10.weightsBNC-2-2pospmi.2-2.diceM	-3.40146749640297	5.9412327173019	BNC-2-2pospmi	BNC	L10-R10	L2-R2	diceM	26.85
air.n.10-10.weightsBNC-2-2pospmi.2-2.LLR	-2.20711110144977	5.65023548608151	BNC-2-2pospmi	BNC	L10-R10	L2-R2	LLR	31.55
air.n.10-10.weightsBNC-2-2pospmi.2-2.pospmi	3.37711101110927	4.57294513001444	BNC-2-2pospmi	BNC	L10-R10	L2-R2	pospmi	26.14
air.n.10-10.weightsBNC-2-2pospmi.2-2.tScore	0.356269725723098	5.01407054718242	BNC-2-2pospmi	BNC	L10-R10	L2-R2	tScore	28.35
air.n.10-10.weightsBNC-2-2pospmi.4-4.diceM	3.09160341610993	6.79183965919694	BNC-2-2pospmi	BNC	L10-R10	L4-R4	diceM	24.97
air.n.10-10.weightsBNC-2-2pospmi.4-4.LLR	-1.04573133524582	4.93763759753218	BNC-2-2pospmi	BNC	L10-R10	L4-R4	LLR	29.76
air.n.10-10.weightsBNC-2-2pospmi.4-4.pospmi	1.62079824784028	4.78337934553781	BNC-2-2pospmi	BNC	L10-R10	L4-R4	pospmi	23.69
air.n.10-10.weightsBNC-2-2pospmi.4-4.tScore	0.305760848059289	4.82078608472838	BNC-2-2pospmi	BNC	L10-R10	L4-R4	tScore	27.07
air.n.10-10.weightsBNC-2-2pospmi.7-7.diceM	2.81878984428969	6.0562624230887	BNC-2-2pospmi	BNC	L10-R10	L7-R7	diceM	22.89
air.n.10-10.weightsBNC-2-2pospmi.7-7.LLR	-0.912916968041162	3.81714711046685	BNC-2-2pospmi	BNC	L10-R10	L7-R7	LLR	28.38
air.n.10-10.weightsBNC-2-2pospmi.7-7.pospmi	1.26361697880019	5.05583751255104	BNC-2-2pospmi	BNC	L10-R10	L7-R7	pospmi	23.61
air.n.10-10.weightsBNC-2-2pospmi.7-7.tScore	0.168847931361534	3.06294943745753	BNC-2-2pospmi	BNC	L10-R10	L7-R7	tScore	25.82
air.n.10-10.weightsBNC-4-4pospmi.10-10.diceM	5.52362328034273	4.734665019099	BNC-4-4pospmi	BNC	L10-R10	L10-R10	diceM	19.82
air.n.10-10.weightsBNC-4-4pospmi.10-10.LLR	-0.314767590463028	3.47338328956032	BNC-4-4pospmi	BNC	L10-R10	L10-R10	LLR	26.27
air.n.10-10.weightsBNC-4-4pospmi.10-10.pospmi	1.97540092042898	3.48770421941014	BNC-4-4pospmi	BNC	L10-R10	L10-R10	pospmi	22.09
air.n.10-10.weightsBNC-4-4pospmi.10-10.tScore	0.390915568722876	3.32993485541899	BNC-4-4pospmi	BNC	L10-R10	L10-R10	tScore	24.12
air.n.10-10.weightsBNC-4-4pospmi.2-2.diceM	2.79775189747767	5.15374530502104	BNC-4-4pospmi	BNC	L10-R10	L2-R2	diceM	25.61
air.n.10-10.weightsBNC-4-4pospmi.2-2.LLR	-0.821334305796731	5.3075895836639	BNC-4-4pospmi	BNC	L10-R10	L2-R2	LLR	31.15
air.n.10-10.weightsBNC-4-4pospmi.2-2.pospmi	2.10294295594944	3.6416952252318	BNC-4-4pospmi	BNC	L10-R10	L2-R2	pospmi	24.26
air.n.10-10.weightsBNC-4-4pospmi.2-2.tScore	0.078209372355682	3.85892885160559	BNC-4-4pospmi	BNC	L10-R10	L2-R2	tScore	28.92
air.n.10-10.weightsBNC-4-4pospmi.4-4.diceM	2.83962164132174	4.92834119272178	BNC-4-4pospmi	BNC	L10-R10	L4-R4	diceM	22.86
air.n.10-10.weightsBNC-4-4pospmi.4-4.LLR	-0.257404343788935	5.15671191495116	BNC-4-4pospmi	BNC	L10-R10	L4-R4	LLR	29.44
air.n.10-10.weightsBNC-4-4pospmi.4-4.pospmi	1.85695618108979	4.24535423799732	BNC-4-4pospmi	BNC	L10-R10	L4-R4	pospmi	22.73
air.n.10-10.weightsBNC-4-4pospmi.4-4.tScore	0.816341527149468	3.55574903039631	BNC-4-4pospmi	BNC	L10-R10	L4-R4	tScore	25.86
air.n.10-10.weightsBNC-4-4pospmi.7-7.diceM	3.95917192806995	4.89827418544733	BNC-4-4pospmi	BNC	L10-R10	L7-R7	diceM	20.3
air.n.10-10.weightsBNC-4-4pospmi.7-7.LLR	-0.2520384159529	4.86296418962591	BNC-4-4pospmi	BNC	L10-R10	L7-R7	LLR	27.43
air.n.10-10.weightsBNC-4-4pospmi.7-7.pospmi	1.40632940978589	3.36426542940784	BNC-4-4pospmi	BNC	L10-R10	L7-R7	pospmi	21.16
air.n.10-10.weightsBNC-4-4pospmi.7-7.tScore	0.638435474520798	4.33466184093064	BNC-4-4pospmi	BNC	L10-R10	L7-R7	tScore	25.46
air.n.10-10.weightsBNC-7-7pospmi.10-10.diceM	3.27415026422935	4.84010194384767	BNC-7-7pospmi	BNC	L10-R10	L10-R10	diceM	19.96
air.n.10-10.weightsBNC-7-7pospmi.10-10.LLR	-0.663880379977637	2.15793995938791	BNC-7-7pospmi	BNC	L10-R10	L10-R10	LLR	25.02
air.n.10-10.weightsBNC-7-7pospmi.10-10.pospmi	1.43096190245161	3.47901057648871	BNC-7-7pospmi	BNC	L10-R10	L10-R10	pospmi	21.87
air.n.10-10.weightsBNC-7-7pospmi.10-10.tScore	0.20057776205315	2.92178021775495	BNC-7-7pospmi	BNC	L10-R10	L10-R10	tScore	23.63
air.n.10-10.weightsBNC-7-7pospmi.2-2.diceM	1.70096700247563	4.9054807286273	BNC-7-7pospmi	BNC	L10-R10	L2-R2	diceM	25.67
air.n.10-10.weightsBNC-7-7pospmi.2-2.LLR	-2.81312489435735	4.19571593535888	BNC-7-7pospmi	BNC	L10-R10	L2-R2	LLR	30.7
air.n.10-10.weightsBNC-7-7pospmi.2-2.pospmi	0.986771981995025	5.10333234835214	BNC-7-7pospmi	BNC	L10-R10	L2-R2	pospmi	24.77
air.n.10-10.weightsBNC-7-7pospmi.2-2.tScore	-0.292561434669639	3.26182204028286	BNC-7-7pospmi	BNC	L10-R10	L2-R2	tScore	27.92
air.n.10-10.weightsBNC-7-7pospmi.4-4.diceM	0.394034811573151	3.91602893088088	BNC-7-7pospmi	BNC	L10-R10	L4-R4	diceM	23.14
air.n.10-10.weightsBNC-7-7pospmi.4-4.LLR	-2.35449980782717	2.32334242950441	BNC-7-7pospmi	BNC	L10-R10	L4-R4	LLR	28.51
air.n.10-10.weightsBNC-7-7pospmi.4-4.pospmi	0.971899655455633	3.77132493990162	BNC-7-7pospmi	BNC	L10-R10	L4-R4	pospmi	23.05
air.n.10-10.weightsBNC-7-7pospmi.4-4.tScore	0.366661751171064	3.41792339566249	BNC-7-7pospmi	BNC	L10-R10	L4-R4	tScore	25.05
air.n.10-10.weightsBNC-7-7pospmi.7-7.diceM	2.68175936392762	4.36987198648936	BNC-7-7pospmi	BNC	L10-R10	L7-R7	diceM	20.6
air.n.10-10.weightsBNC-7-7pospmi.7-7.LLR	-0.921381983716773	2.46689211049072	BNC-7-7pospmi	BNC	L10-R10	L7-R7	LLR	25.71
air.n.10-10.weightsBNC-7-7pospmi.7-7.pospmi	2.09133954611028	4.22800938889984	BNC-7-7pospmi	BNC	L10-R10	L7-R7	pospmi	23.22
air.n.10-10.weightsBNC-7-7pospmi.7-7.tScore	0.595063622559179	3.09580193077052	BNC-7-7pospmi	BNC	L10-R10	L7-R7	tScore	24.14
air.n.20-20.weightsBNC-2-2pospmi.10-10.diceM	6.02189166871837	1.91650427395747	BNC-2-2pospmi	BNC	L20-R20	L10-R10	diceM	22.2
air.n.20-20.weightsBNC-2-2pospmi.10-10.LLR	1.68437861640405	-1.08279052825634	BNC-2-2pospmi	BNC	L20-R20	L10-R10	LLR	25.85
air.n.20-20.weightsBNC-2-2pospmi.10-10.pospmi	1.58774912057722	1.57179996793031	BNC-2-2pospmi	BNC	L20-R20	L10-R10	pospmi	23.65
air.n.20-20.weightsBNC-2-2pospmi.10-10.tScore	1.00409483714037	1.11085108218377	BNC-2-2pospmi	BNC	L20-R20	L10-R10	tScore	24.11
air.n.20-20.weightsBNC-2-2pospmi.2-2.diceM	3.41141999324466	2.65292436031258	BNC-2-2pospmi	BNC	L20-R20	L2-R2	diceM	26.54
air.n.20-20.weightsBNC-2-2pospmi.2-2.LLR	-2.53295589851998	3.2617948367649	BNC-2-2pospmi	BNC	L20-R20	L2-R2	LLR	29.43
air.n.20-20.weightsBNC-2-2pospmi.2-2.pospmi	3.31645521363772	1.21235578335273	BNC-2-2pospmi	BNC	L20-R20	L2-R2	pospmi	26.36
air.n.20-20.weightsBNC-2-2pospmi.2-2.tScore	0.387216047233011	1.9188295154596	BNC-2-2pospmi	BNC	L20-R20	L2-R2	tScore	28.21
air.n.20-20.weightsBNC-2-2pospmi.4-4.diceM	3.12932109745303	-0.868854321896274	BNC-2-2pospmi	BNC	L20-R20	L4-R4	diceM	24.87
air.n.20-20.weightsBNC-2-2pospmi.4-4.LLR	1.14909494045327	-1.33810935255579	BNC-2-2pospmi	BNC	L20-R20	L4-R4	LLR	27.61
air.n.20-20.weightsBNC-2-2pospmi.4-4.pospmi	2.17817395129055	1.19025988729714	BNC-2-2pospmi	BNC	L20-R20	L4-R4	pospmi	25
air.n.20-20.weightsBNC-2-2pospmi.4-4.tScore	0.882772176596303	0.874028987509443	BNC-2-2pospmi	BNC	L20-R20	L4-R4	tScore	26.11
air.n.20-20.weightsBNC-2-2pospmi.7-7.diceM	3.87347944910827	-4.58021778688082	BNC-2-2pospmi	BNC	L20-R20	L7-R7	diceM	23.49
air.n.20-20.weightsBNC-2-2pospmi.7-7.LLR	0.0372137586765126	1.05357861359655	BNC-2-2pospmi	BNC	L20-R20	L7-R7	LLR	26.3
air.n.20-20.weightsBNC-2-2pospmi.7-7.pospmi	2.61816333502093	1.63466449961435	BNC-2-2pospmi	BNC	L20-R20	L7-R7	pospmi	23.78
air.n.20-20.weightsBNC-2-2pospmi.7-7.tScore	1.24245397520073	0.897434740132339	BNC-2-2pospmi	BNC	L20-R20	L7-R7	tScore	24.66
air.n.20-20.weightsBNC-4-4pospmi.10-10.diceM	3.96840275706653	2.46845427558414	BNC-4-4pospmi	BNC	L20-R20	L10-R10	diceM	17.67
air.n.20-20.weightsBNC-4-4pospmi.10-10.LLR	-0.0705780055540437	0.445609696755562	BNC-4-4pospmi	BNC	L20-R20	L10-R10	LLR	25.26
air.n.20-20.weightsBNC-4-4pospmi.10-10.pospmi	1.79981260202512	2.32624800253157	BNC-4-4pospmi	BNC	L20-R20	L10-R10	pospmi	22.6
air.n.20-20.weightsBNC-4-4pospmi.10-10.tScore	0.323631075968166	0.477281243314037	BNC-4-4pospmi	BNC	L20-R20	L10-R10	tScore	23.95
air.n.20-20.weightsBNC-4-4pospmi.2-2.diceM	4.14051096671255	1.5644810227718	BNC-4-4pospmi	BNC	L20-R20	L2-R2	diceM	25.34
air.n.20-20.weightsBNC-4-4pospmi.2-2.LLR	-4.15508632561906	2.87663488605684	BNC-4-4pospmi	BNC	L20-R20	L2-R2	LLR	30.21
air.n.20-20.weightsBNC-4-4pospmi.2-2.pospmi	3.67451330426092	2.23980476197009	BNC-4-4pospmi	BNC	L20-R20	L2-R2	pospmi	25.07
air.n.20-20.weightsBNC-4-4pospmi.2-2.tScore	0.68912243140096	0.870445009081548	BNC-4-4pospmi	BNC	L20-R20	L2-R2	tScore	27.08
air.n.20-20.weightsBNC-4-4pospmi.4-4.diceM	3.62907668385889	1.30822010241051	BNC-4-4pospmi	BNC	L20-R20	L4-R4	diceM	22.12
air.n.20-20.weightsBNC-4-4pospmi.4-4.LLR	-0.971296841362584	0.824224768101111	BNC-4-4pospmi	BNC	L20-R20	L4-R4	LLR	27.45
air.n.20-20.weightsBNC-4-4pospmi.4-4.pospmi	1.72701533992747	1.14407239312447	BNC-4-4pospmi	BNC	L20-R20	L4-R4	pospmi	24.09
air.n.20-20.weightsBNC-4-4pospmi.4-4.tScore	0.72246244537591	0.896048947615174	BNC-4-4pospmi	BNC	L20-R20	L4-R4	tScore	25.12
air.n.20-20.weightsBNC-4-4pospmi.7-7.diceM	4.71299070726439	2.41556119720463	BNC-4-4pospmi	BNC	L20-R20	L7-R7	diceM	20.4
air.n.20-20.weightsBNC-4-4pospmi.7-7.LLR	-0.854886629177912	0.664452015238746	BNC-4-4pospmi	BNC	L20-R20	L7-R7	LLR	25.52
air.n.20-20.weightsBNC-4-4pospmi.7-7.pospmi	2.0807506091896	1.61377629730702	BNC-4-4pospmi	BNC	L20-R20	L7-R7	pospmi	23
air.n.20-20.weightsBNC-4-4pospmi.7-7.tScore	0.510027758868386	1.04734530510742	BNC-4-4pospmi	BNC	L20-R20	L7-R7	tScore	23.21
air.n.20-20.weightsBNC-7-7pospmi.10-10.diceM	5.06382257593918	3.38309946272676	BNC-7-7pospmi	BNC	L20-R20	L10-R10	diceM	15.74
air.n.20-20.weightsBNC-7-7pospmi.10-10.LLR	-1.06208230181797	0.714915923401324	BNC-7-7pospmi	BNC	L20-R20	L10-R10	LLR	24.52
air.n.20-20.weightsBNC-7-7pospmi.10-10.pospmi	1.90489471922381	2.26841684128655	BNC-7-7pospmi	BNC	L20-R20	L10-R10	pospmi	22.26
air.n.20-20.weightsBNC-7-7pospmi.10-10.tScore	0.691253200395898	0.618329313399718	BNC-7-7pospmi	BNC	L20-R20	L10-R10	tScore	22.53
air.n.20-20.weightsBNC-7-7pospmi.2-2.diceM	4.51662909659202	2.21345147225907	BNC-7-7pospmi	BNC	L20-R20	L2-R2	diceM	25.74
air.n.20-20.weightsBNC-7-7pospmi.2-2.LLR	-3.50252459385945	2.20325190210088	BNC-7-7pospmi	BNC	L20-R20	L2-R2	LLR	30.46
air.n.20-20.weightsBNC-7-7pospmi.2-2.pospmi	2.34369053651695	2.39828811990196	BNC-7-7pospmi	BNC	L20-R20	L2-R2	pospmi	24.7
air.n.20-20.weightsBNC-7-7pospmi.2-2.tScore	0.969793939099775	1.82678483497183	BNC-7-7pospmi	BNC	L20-R20	L2-R2	tScore	27.4
air.n.20-20.weightsBNC-7-7pospmi.4-4.diceM	2.89556288210764	1.65642897429966	BNC-7-7pospmi	BNC	L20-R20	L4-R4	diceM	21.16
air.n.20-20.weightsBNC-7-7pospmi.4-4.LLR	-1.5521472456489	0.997790689256378	BNC-7-7pospmi	BNC	L20-R20	L4-R4	LLR	27.3
air.n.20-20.weightsBNC-7-7pospmi.4-4.pospmi	3.29549866716958	1.8913379178152	BNC-7-7pospmi	BNC	L20-R20	L4-R4	pospmi	23.32
air.n.20-20.weightsBNC-7-7pospmi.4-4.tScore	0.736051564116661	1.59880288604167	BNC-7-7pospmi	BNC	L20-R20	L4-R4	tScore	24.81
air.n.20-20.weightsBNC-7-7pospmi.7-7.diceM	4.20981439609701	2.44340655308151	BNC-7-7pospmi	BNC	L20-R20	L7-R7	diceM	19.32
air.n.20-20.weightsBNC-7-7pospmi.7-7.LLR	-1.58706087354516	2.15964352964843	BNC-7-7pospmi	BNC	L20-R20	L7-R7	LLR	25.49
air.n.20-20.weightsBNC-7-7pospmi.7-7.pospmi	2.6300027781954	1.97383849023237	BNC-7-7pospmi	BNC	L20-R20	L7-R7	pospmi	22.42
air.n.20-20.weightsBNC-7-7pospmi.7-7.tScore	1.47861465578402	0.633358083278102	BNC-7-7pospmi	BNC	L20-R20	L7-R7	tScore	23.27
air.n.40-40.weightsBNC-2-2pospmi.10-10.diceM	6.79582811855328	-2.04835252139453	BNC-2-2pospmi	BNC	L40-R40	L10-R10	diceM	21.17
air.n.40-40.weightsBNC-2-2pospmi.10-10.LLR	3.58865455707631	-2.33226747540367	BNC-2-2pospmi	BNC	L40-R40	L10-R10	LLR	25.4
air.n.40-40.weightsBNC-2-2pospmi.10-10.pospmi	4.03376404337038	0.162432618861578	BNC-2-2pospmi	BNC	L40-R40	L10-R10	pospmi	21.69
air.n.40-40.weightsBNC-2-2pospmi.10-10.tScore	2.94542207483255	-1.72500323233245	BNC-2-2pospmi	BNC	L40-R40	L10-R10	tScore	23.79
air.n.40-40.weightsBNC-2-2pospmi.2-2.diceM	6.03467957471149	0.455782236482861	BNC-2-2pospmi	BNC	L40-R40	L2-R2	diceM	25.16
air.n.40-40.weightsBNC-2-2pospmi.2-2.LLR	5.78359296226823	-2.88322550005625	BNC-2-2pospmi	BNC	L40-R40	L2-R2	LLR	29.29
air.n.40-40.weightsBNC-2-2pospmi.2-2.pospmi	4.50473208458765	-0.353114263444298	BNC-2-2pospmi	BNC	L40-R40	L2-R2	pospmi	24.14
air.n.40-40.weightsBNC-2-2pospmi.2-2.tScore	3.92442919283246	-0.933582716107868	BNC-2-2pospmi	BNC	L40-R40	L2-R2	tScore	26.73
air.n.40-40.weightsBNC-2-2pospmi.4-4.diceM	4.91923658836955	-0.65937190824002	BNC-2-2pospmi	BNC	L40-R40	L4-R4	diceM	23.91
air.n.40-40.weightsBNC-2-2pospmi.4-4.LLR	6.72702885598552	-5.73580162326022	BNC-2-2pospmi	BNC	L40-R40	L4-R4	LLR	28.57
air.n.40-40.weightsBNC-2-2pospmi.4-4.pospmi	4.45333732882773	-0.122117527623672	BNC-2-2pospmi	BNC	L40-R40	L4-R4	pospmi	23.59
air.n.40-40.weightsBNC-2-2pospmi.4-4.tScore	3.25551999218097	-0.795250575917969	BNC-2-2pospmi	BNC	L40-R40	L4-R4	tScore	25.46
air.n.40-40.weightsBNC-2-2pospmi.7-7.diceM	3.68204467659649	-1.68709248599829	BNC-2-2pospmi	BNC	L40-R40	L7-R7	diceM	21.65
air.n.40-40.weightsBNC-2-2pospmi.7-7.LLR	-1.73732934166287	2.87402248676259	BNC-2-2pospmi	BNC	L40-R40	L7-R7	LLR	27.05
air.n.40-40.weightsBNC-2-2pospmi.7-7.pospmi	4.5503113895089	0.234280918541427	BNC-2-2pospmi	BNC	L40-R40	L7-R7	pospmi	22.34
air.n.40-40.weightsBNC-2-2pospmi.7-7.tScore	3.16019246367349	-1.62593487868923	BNC-2-2pospmi	BNC	L40-R40	L7-R7	tScore	24.7
air.n.40-40.weightsBNC-4-4pospmi.10-10.diceM	5.58877325894424	1.73723228293405	BNC-4-4pospmi	BNC	L40-R40	L10-R10	diceM	18.32
air.n.40-40.weightsBNC-4-4pospmi.10-10.LLR	2.23419569265089	-1.75378266609228	BNC-4-4pospmi	BNC	L40-R40	L10-R10	LLR	25.05
air.n.40-40.weightsBNC-4-4pospmi.10-10.pospmi	2.81497751832298	0.65973731462348	BNC-4-4pospmi	BNC	L40-R40	L10-R10	pospmi	21.45
air.n.40-40.weightsBNC-4-4pospmi.10-10.tScore	1.96408447410102	-0.272689499837706	BNC-4-4pospmi	BNC	L40-R40	L10-R10	tScore	22.3
air.n.40-40.weightsBNC-4-4pospmi.2-2.diceM	4.79142827364905	0.529078633507889	BNC-4-4pospmi	BNC	L40-R40	L2-R2	diceM	24.78
air.n.40-40.weightsBNC-4-4pospmi.2-2.LLR	4.71904914382703	-3.87860425337977	BNC-4-4pospmi	BNC	L40-R40	L2-R2	LLR	29.62
air.n.40-40.weightsBNC-4-4pospmi.2-2.pospmi	3.74848634414675	0.573801854166596	BNC-4-4pospmi	BNC	L40-R40	L2-R2	pospmi	24
air.n.40-40.weightsBNC-4-4pospmi.2-2.tScore	4.91365629333658	0.441301195653318	BNC-4-4pospmi	BNC	L40-R40	L2-R2	tScore	27.18
air.n.40-40.weightsBNC-4-4pospmi.4-4.diceM	3.57419467837648	-0.376699677996579	BNC-4-4pospmi	BNC	L40-R40	L4-R4	diceM	21.71
air.n.40-40.weightsBNC-4-4pospmi.4-4.LLR	2.70256910033541	-2.32529085477936	BNC-4-4pospmi	BNC	L40-R40	L4-R4	LLR	27.22
air.n.40-40.weightsBNC-4-4pospmi.4-4.pospmi	3.24082040965806	0.552857607611546	BNC-4-4pospmi	BNC	L40-R40	L4-R4	pospmi	21.81
air.n.40-40.weightsBNC-4-4pospmi.4-4.tScore	1.75273652374462	-0.513367561882044	BNC-4-4pospmi	BNC	L40-R40	L4-R4	tScore	23.72
air.n.40-40.weightsBNC-4-4pospmi.7-7.diceM	4.9090513571784	1.10687812506696	BNC-4-4pospmi	BNC	L40-R40	L7-R7	diceM	20.13
air.n.40-40.weightsBNC-4-4pospmi.7-7.LLR	2.6480883329416	-1.23374188719531	BNC-4-4pospmi	BNC	L40-R40	L7-R7	LLR	25.83
air.n.40-40.weightsBNC-4-4pospmi.7-7.pospmi	2.86658900303644	0.523598739799528	BNC-4-4pospmi	BNC	L40-R40	L7-R7	pospmi	21.75
air.n.40-40.weightsBNC-4-4pospmi.7-7.tScore	1.86767190597861	-0.513155012912867	BNC-4-4pospmi	BNC	L40-R40	L7-R7	tScore	23.33
air.n.40-40.weightsBNC-7-7pospmi.10-10.diceM	5.33755374274015	1.66635770063545	BNC-7-7pospmi	BNC	L40-R40	L10-R10	diceM	20.55
air.n.40-40.weightsBNC-7-7pospmi.10-10.LLR	2.29082071619036	-1.99173129688514	BNC-7-7pospmi	BNC	L40-R40	L10-R10	LLR	25.57
air.n.40-40.weightsBNC-7-7pospmi.10-10.pospmi	2.95016697272482	0.834549204233022	BNC-7-7pospmi	BNC	L40-R40	L10-R10	pospmi	22.3
air.n.40-40.weightsBNC-7-7pospmi.10-10.tScore	1.26324605472462	-0.0939433912895188	BNC-7-7pospmi	BNC	L40-R40	L10-R10	tScore	22.26
air.n.40-40.weightsBNC-7-7pospmi.2-2.diceM	5.99866619835683	-0.2999522716352	BNC-7-7pospmi	BNC	L40-R40	L2-R2	diceM	24.27
air.n.40-40.weightsBNC-7-7pospmi.2-2.LLR	5.04707159612597	-1.6392585653611	BNC-7-7pospmi	BNC	L40-R40	L2-R2	LLR	29.39
air.n.40-40.weightsBNC-7-7pospmi.2-2.pospmi	3.94621423315084	1.43096127187602	BNC-7-7pospmi	BNC	L40-R40	L2-R2	pospmi	23.53
air.n.40-40.weightsBNC-7-7pospmi.2-2.tScore	3.4381284184323	-0.568659514896315	BNC-7-7pospmi	BNC	L40-R40	L2-R2	tScore	26.02
air.n.40-40.weightsBNC-7-7pospmi.4-4.diceM	4.42877921523534	1.22217212609146	BNC-7-7pospmi	BNC	L40-R40	L4-R4	diceM	21.85
air.n.40-40.weightsBNC-7-7pospmi.4-4.LLR	3.57072841899564	-1.9836280225411	BNC-7-7pospmi	BNC	L40-R40	L4-R4	LLR	27.82
air.n.40-40.weightsBNC-7-7pospmi.4-4.pospmi	3.10678902031023	0.370444080965332	BNC-7-7pospmi	BNC	L40-R40	L4-R4	pospmi	22.61
air.n.40-40.weightsBNC-7-7pospmi.4-4.tScore	1.87874234003887	-0.237413688696883	BNC-7-7pospmi	BNC	L40-R40	L4-R4	tScore	23.86
air.n.40-40.weightsBNC-7-7pospmi.7-7.diceM	5.40041309777403	1.46504034943597	BNC-7-7pospmi	BNC	L40-R40	L7-R7	diceM	20.94
air.n.40-40.weightsBNC-7-7pospmi.7-7.LLR	2.20798188705638	-2.1468855321358	BNC-7-7pospmi	BNC	L40-R40	L7-R7	LLR	25.31
air.n.40-40.weightsBNC-7-7pospmi.7-7.pospmi	3.150129808204	0.300482615624648	BNC-7-7pospmi	BNC	L40-R40	L7-R7	pospmi	22.29
air.n.40-40.weightsBNC-7-7pospmi.7-7.tScore	1.18206268867254	-0.370374733686486	BNC-7-7pospmi	BNC	L40-R40	L7-R7	tScore	22.66
